_id,סמל_ישוב,שם_ישוב,שם_ישוב_לועזי,סמל_נפה,שם_נפה,סמל_לשכת_מנא,לשכה,סמל_מועצה_איזורית,שם_מועצה
1,3400 ,חברון , ,77,חברון ,11,ירושלים ,0,
2,1347 ,קצר א-סר , ,62,באר שבע ,62,באר שבע ,68,נווה מדבר
3,1331 ,כמאנה , ,24,עכו ,20,כרמיאל ,56,משגב
4,3777 ,סנסנה , ,77,חברון ,62,באר שבע ,78,הר חברון
5,963 ,אעצם (שבט) ,A'SAM ,62,באר שבע ,62,באר שבע ,0,
6,1220 ,אבירים ,ABBIRIM ,24,עכו ,24,עכו ,52,מעלה יוסף
7,958 ,אבו עבדון (שבט) ,ABU ABDUN ,62,באר שבע ,62,באר שבע ,0,
8,1042 ,אבו עמאר (שבט) ,ABU AMMAR ,62,באר שבע ,62,באר שבע ,0,
9,932 ,אבו עמרה (שבט) ,ABU AMRE ,62,באר שבע ,62,באר שבע ,0,
10,472 ,אבו גוש ,ABU GHOSH ,11,ירושלים ,11,ירושלים ,0,
11,967 ,אבו ג'ווייעד (שבט) ,ABU JUWEI'ID ,62,באר שבע ,62,באר שבע ,0,
12,968 ,אבו קורינאת (שבט) ,ABU QUREINAT ,62,באר שבע ,62,באר שבע ,0,
13,1342 ,אבו קרינאת (יישוב) ,ABU QUREINAT ,62,באר שבע ,62,באר שבע ,68,נווה מדבר
14,966 ,אבו רובייעה (שבט) ,ABU RUBEI'A ,62,באר שבע ,62,באר שבע ,0,
15,961 ,אבו רוקייק (שבט) ,ABU RUQAYYEQ ,62,באר שבע ,62,באר שבע ,0,
16,473 ,אבו סנאן ,ABU SINAN ,24,עכו ,24,עכו ,0,
17,935 ,אבו סריחאן (שבט) ,ABU SUREIHAN ,62,באר שבע ,62,באר שבע ,0,
18,1375 ,אבו תלול ,ABU TULUL ,62,באר שבע ,62,באר שבע ,68,נווה מדבר
19,1068 ,אדמית ,ADAMIT ,24,עכו ,24,עכו ,4,מטה אשר
20,2035 ,עדנים ,ADANIM ,42,פתח תקווה ,42,פתח תקוה ,20,דרום השרון
21,1123 ,אדרת ,ADDERET ,11,ירושלים ,13,בית שמש ,26,מטה יהודה
22,113 ,אדירים ,ADDIRIM ,23,עפולה ,23,עפולה ,8,הגלבוע
23,3874 ,עדי עד ,ADE AD ,74,ראמאללה ,11,ירושלים ,73,מטה בנימין
24,1199 ,עדי ,ADI ,24,עכו ,24,עכו ,9,עמק יזרעאל
25,3759 ,אדורה ,ADORA ,77,חברון ,13,בית שמש ,78,הר חברון
26,3987 ,אדוריים ,ADORAYIM ,77,חברון ,11,ירושלים ,78,הר חברון
27,959 ,אפיניש (שבט) ,AFEINISH ,62,באר שבע ,62,באר שבע ,0,
28,313 ,אפק ,AFEQ ,24,עכו ,24,עכו ,4,מטה אשר
29,4301 ,אפיק ,AFIQ ,29,גולן ,22,טבריה ,71,גולן
30,176 ,אפיקים ,AFIQIM ,22,כנרת ,22,טבריה ,6,עמק הירדן
31,7700 ,עפולה ,AFULA ,23,עפולה ,23,עפולה ,0,
32,794 ,עגור ,AGUR ,11,ירושלים ,13,בית שמש ,26,מטה יהודה
33,1157 ,אחווה ,AHAWA ,61,אשקלון ,61,אשקלון ,33,באר טוביה
34,797 ,אחיעזר ,AHI'EZER ,43,רמלה ,43,רמלה ,40,שדות דן
35,785 ,אחיהוד ,AHIHUD ,24,עכו ,24,עכו ,4,מטה אשר
36,804 ,אחיסמך ,AHISAMAKH ,43,רמלה ,43,רמלה ,25,חבל מודיעין
37,850 ,אחיטוב ,AHITUV ,41,השרון ,41,נתניה ,16,עמק חפר
38,3875 ,אחיה ,AHIYA ,74,ראמאללה ,11,ירושלים ,73,מטה בנימין
39,821 ,אחוזם ,AHUZZAM ,61,אשקלון ,61,אשקלון ,50,לכיש
40,1330 ,אחוזת ברק ,AHUZZAT BARAQ ,23,עפולה ,23,עפולה ,9,עמק יזרעאל
41,7600 ,עכו ,AKKO ,24,עכו ,24,עכו ,0,
42,1359 ,אל סייד ,AL SAYYID ,62,באר שבע ,62,באר שבע ,69,אל קסום
43,1316 ,אל-עריאן ,AL-ARYAN ,32,חדרה ,32,חדרה ,14,מנשה
44,1339 ,אל-עזי ,AL-AZY ,61,אשקלון ,61,אשקלון ,35,יואב
45,3727 ,עלי זהב ,ALE ZAHAV ,73,טול כרם ,48,אריאל ,72,שומרון
46,3750 ,אלפי מנשה ,ALFE MENASHE ,73,טול כרם ,349,ראש העין ,0,
47,3898 ,אלון ,ALLON ,74,ראמאללה ,11,ירושלים ,73,מטה בנימין
48,1182 ,אלון הגליל ,ALLON HAGALIL ,23,עפולה ,23,עפולה ,9,עמק יזרעאל
49,3604 ,אלון שבות ,ALLON SHEVUT ,76,בית לחם ,11,ירושלים ,76,גוש עציון
50,429 ,אלוני אבא ,ALLONE ABBA ,23,עפולה ,23,עפולה ,9,עמק יזרעאל
51,4017 ,אלוני הבשן ,ALLONE HABASHAN ,29,גולן ,22,טבריה ,71,גולן
52,868 ,אלוני יצחק ,ALLONE YIZHAQ ,32,חדרה ,32,חדרה ,14,מנשה
53,285 ,אלונים ,ALLONIM ,23,עפולה ,23,עפולה ,9,עמק יזרעאל
54,688 ,עלמה ,ALMA ,21,צפת ,21,צפת ,2,מרום הגליל
55,1125 ,אלמגור ,ALMAGOR ,22,כנרת ,22,טבריה ,6,עמק הירדן
56,3556 ,אלמוג ,ALMOG ,75,ירדן )יריחו( ,11,ירושלים ,74,מגילות ים המלח
57,3715 ,עלמון ,ALMON ,74,ראמאללה ,11,ירושלים ,73,מטה בנימין
58,1146 ,עלומים ,ALUMIM ,62,באר שבע ,62,באר שבע ,39,שדות נגב
59,1145 ,אלומה ,ALUMMA ,61,אשקלון ,61,אשקלון ,34,שפיר
60,330 ,אלומות ,ALUMMOT ,22,כנרת ,22,טבריה ,6,עמק הירדן
61,23 ,אמציה ,AMAZYA ,61,אשקלון ,61,אשקלון ,50,לכיש
62,319 ,עמיר ,AMIR ,21,צפת ,21,צפת ,1,הגליל העליון
63,1064 ,אמירים ,AMIRIM ,21,צפת ,21,צפת ,2,מרום הגליל
64,385 ,עמיעד ,AMMI'AD ,21,צפת ,21,צפת ,1,הגליל העליון
65,318 ,עמיעוז ,AMMI'OZ ,62,באר שבע ,62,באר שבע ,38,אשכול
66,3824 ,עמיחי ,AMMIHAY ,74,ראמאללה ,11,ירושלים ,73,מטה בנימין
67,779 ,עמינדב ,AMMINADAV ,11,ירושלים ,11,ירושלים ,26,מטה יהודה
68,773 ,עמיקם ,AMMIQAM ,32,חדרה ,32,חדרה ,45,אלונה
69,1253 ,אמנון ,AMNUN ,22,כנרת ,22,טבריה ,55,מבואות החרמון
70,708 ,עמקה ,AMQA ,24,עכו ,24,עכו ,4,מטה אשר
71,1212 ,עמוקה ,AMUQQA ,21,צפת ,21,צפת ,2,מרום הגליל
72,4012 ,אניעם ,ANI'AM ,29,גולן ,22,טבריה ,71,גולן
73,637 ,ערערה ,AR'ARA ,32,חדרה ,32,חדרה ,0,
74,1192 ,ערערה-בנגב ,AR'ARA-BANEGEV ,62,באר שבע ,62,באר שבע ,0,
75,2560 ,ערד ,ARAD ,62,באר שבע ,62,באר שבע ,0,
76,1246 ,עראמשה ,ARAMSHA ,24,עכו ,24,עכו ,4,מטה אשר
77,701 ,ארבל ,ARBEL ,22,כנרת ,22,טבריה ,3,הגליל התחתון
78,3598 ,ארגמן ,ARGAMAN ,75,ירדן )יריחו( ,23,עפולה ,75,ערבות הירדן
79,3570 ,אריאל ,ARI'EL ,73,טול כרם ,48,אריאל ,0,
80,1335 ,ערב אל נעים ,ARRAB AL NAIM ,24,עכו ,20,כרמיאל ,56,משגב
81,531 ,עראבה ,ARRABE ,24,עכו ,24,עכו ,0,
82,1324 ,ארסוף ,ARSUF ,41,השרון ,41,נתניה ,19,חוף השרון
83,593 ,ערוגות ,ARUGOT ,61,אשקלון ,61,אשקלון ,33,באר טוביה
84,3861 ,עשהאל ,ASA'EL ,77,חברון ,11,ירושלים ,78,הר חברון
85,960 ,אסד (שבט) ,ASAD ,62,באר שבע ,62,באר שבע ,0,
86,3754 ,אספר ,ASEFAR ,77,חברון ,11,ירושלים ,76,גוש עציון
87,591 ,עשרת ,ASERET ,44,רחובות ,44,רחובות ,32,גדרות
88,1152 ,אשלים ,ASHALIM ,62,באר שבע ,62,באר שבע ,48,רמת נגב
89,70 ,אשדוד ,ASHDOD ,61,אשקלון ,69,אשדוד ,0,
90,199 ,אשדות יעקב (איחוד) ,ASHDOT YA'AQOV(IHUD) ,22,כנרת ,22,טבריה ,6,עמק הירדן
91,188 ,אשדות יעקב (מאוחד) ,ASHDOT YA'AQOV(ME'UH ,22,כנרת ,22,טבריה ,6,עמק הירדן
92,1256 ,אשרת ,ASHERAT ,24,עכו ,24,עכו ,4,מטה אשר
93,7100 ,אשקלון ,ASHQELON ,61,אשקלון ,61,אשקלון ,0,
94,969 ,עטאוונה (שבט) ,ATAWNE ,62,באר שבע ,62,באר שבע ,0,
95,3658 ,עטרת ,ATERET ,74,ראמאללה ,11,ירושלים ,73,מטה בנימין
96,53 ,עתלית ,ATLIT ,32,חדרה ,32,חדרה ,15,חוף הכרמל
97,965 ,אטרש (שבט) ,ATRASH ,62,באר שבע ,62,באר שבע ,0,
98,917 ,עצמון שגב ,ATSMON-SEGEV ,24,עכו ,20,כרמיאל ,56,משגב
99,892 ,עבדון ,AVDON ,24,עכו ,24,עכו ,52,מעלה יוסף
100,679 ,אביאל ,AVI'EL ,32,חדרה ,32,חדרה ,45,אלונה
101,1070 ,אביעזר ,AVI'EZER ,11,ירושלים ,13,בית שמש ,26,מטה יהודה
102,3869 ,אביגיל ,AVIGAYIL ,77,חברון ,11,ירושלים ,78,הר חברון
103,819 ,אביגדור ,AVIGEDOR ,61,אשקלון ,61,אשקלון ,33,באר טוביה
104,175 ,אביחיל ,AVIHAYIL ,41,השרון ,41,נתניה ,16,עמק חפר
105,2052 ,אביטל ,AVITAL ,23,עפולה ,23,עפולה ,8,הגלבוע
106,1115 ,אביבים ,AVIVIM ,21,צפת ,21,צפת ,2,מרום הגליל
107,4011 ,אבני איתן ,AVNE ETAN ,29,גולן ,22,טבריה ,71,גולן
108,3793 ,אבני חפץ ,AVNE HEFEZ ,73,טול כרם ,41,נתניה ,72,שומרון
109,1311 ,אבשלום ,AVSHALOM ,62,באר שבע ,62,באר שבע ,38,אשכול
110,1275 ,אבטליון ,AVTALYON ,24,עכו ,20,כרמיאל ,56,משגב
111,156 ,עיינות ,AYANOT ,44,רחובות ,44,רחובות ,27,גן רווה
112,77 ,איילת השחר ,AYYELET HASHAHAR ,21,צפת ,21,צפת ,1,הגליל העליון
113,711 ,עזריה ,AZARYA ,43,רמלה ,43,רמלה ,30,גזר
114,565 ,אזור ,AZOR ,53,חולון ,53,חולון ,0,
115,837 ,עזריאל ,AZRI'EL ,41,השרון ,41,נתניה ,18,לב השרון
116,817 ,עזריקם ,AZRIQAM ,61,אשקלון ,61,אשקלון ,33,באר טוביה
117,2043 ,בחן ,BAHAN ,41,השרון ,41,נתניה ,16,עמק חפר
118,94 ,בלפוריה ,BALFURIYYA ,23,עפולה ,23,עפולה ,9,עמק יזרעאל
119,6000 ,באקה אל-גרביה ,BAQA AL-GHARBIYYE ,32,חדרה ,32,חדרה ,0,
120,823 ,בר גיורא ,BAR GIYYORA ,11,ירושלים ,13,בית שמש ,26,מטה יהודה
121,3499 ,בר כוכבא ,BAR KOKHVA ,76,בית לחם ,11,ירושלים ,76,גוש עציון
122,1191 ,בר יוחאי ,BAR YOHAY ,21,צפת ,21,צפת ,2,מרום הגליל
123,667 ,ברעם ,BAR'AM ,21,צפת ,21,צפת ,1,הגליל העליון
124,141 ,ברק ,BARAQ ,23,עפולה ,23,עפולה ,8,הגלבוע
125,2038 ,ברקת ,BAREQET ,42,פתח תקווה ,42,פתח תקוה ,25,חבל מודיעין
126,3654 ,ברקן ,BARQAN ,73,טול כרם ,48,אריאל ,72,שומרון
127,617 ,ברקאי ,BARQAY ,32,חדרה ,32,חדרה ,14,מנשה
128,1326 ,בסמה ,BASMA ,32,חדרה ,32,חדרה ,0,
129,944 ,בסמת טבעון ,BASMAT TAB'UN ,23,עפולה ,23,עפולה ,0,
130,3794 ,בת עין ,BAT AYIN ,76,בית לחם ,11,ירושלים ,76,גוש עציון
131,1323 ,בת הדר ,BAT HADAR ,61,אשקלון ,61,אשקלון ,36,חוף אשקלון
132,1319 ,בת חפר ,BAT HEFER ,41,השרון ,41,נתניה ,16,עמק חפר
133,1361 ,בת חן ,BAT HEN ,41,השרון ,41,נתניה ,16,עמק חפר
134,33 ,בת שלמה ,BAT SHELOMO ,32,חדרה ,32,חדרה ,15,חוף הכרמל
135,6200 ,בת ים ,BAT YAM ,53,חולון ,53,חולון ,0,
136,389 ,בצרה ,BAZRA ,41,השרון ,41,נתניה ,19,חוף השרון
137,1278 ,באר מילכה ,BE'ER MILKA ,62,באר שבע ,62,באר שבע ,48,רמת נגב
138,21 ,באר אורה ,BE'ER ORA ,62,באר שבע ,63,אילת ,53,חבל אילות
139,9000 ,באר שבע ,BE'ER SHEVA ,62,באר שבע ,62,באר שבע ,0,
140,155 ,באר טוביה ,BE'ER TUVEYA ,61,אשקלון ,61,אשקלון ,33,באר טוביה
141,2530 ,באר יעקב ,BE'ER YA'AQOV ,43,רמלה ,43,רמלה ,0,
142,399 ,בארי ,BE'ERI ,62,באר שבע ,62,באר שבע ,38,אשכול
143,450 ,בארות יצחק ,BE'EROT YIZHAQ ,42,פתח תקווה ,42,פתח תקוה ,25,חבל מודיעין
144,697 ,בארותיים ,BE'EROTAYIM ,41,השרון ,41,נתניה ,16,עמק חפר
145,1376 ,באר גנים ,BEER GANNIM ,62,באר שבע ,61,אשקלון ,36,חוף אשקלון
146,480 ,בית ג'ן ,BEIT JANN ,24,עכו ,20,כרמיאל ,0,
147,712 ,בן עמי ,BEN AMMI ,24,עכו ,24,עכו ,4,מטה אשר
148,2013 ,בן שמן (מושב) ,BEN SHEMEN (MOSHAV) ,43,רמלה ,43,רמלה ,25,חבל מודיעין
149,1084 ,בן שמן (כפר נוער) ,BEN SHEMEN(K.NO'AR) ,43,רמלה ,43,רמלה ,25,חבל מודיעין
150,760 ,בן זכאי ,BEN ZAKKAY ,44,רחובות ,44,רחובות ,29,חבל יבנה
151,685 ,בניה ,BENAYA ,44,רחובות ,44,רחובות ,28,ברנר
152,448 ,בני עטרות ,BENE ATAROT ,42,פתח תקווה ,42,פתח תקוה ,25,חבל מודיעין
153,1066 ,בני עיש ,BENE AYISH ,44,רחובות ,44,רחובות ,0,
154,6100 ,בני ברק ,BENE BERAQ ,52,רמת גן ,54,בני ברק ,0,
155,592 ,בני דרום ,BENE DAROM ,44,רחובות ,44,רחובות ,29,חבל יבנה
156,386 ,בני דרור ,BENE DEROR ,41,השרון ,41,נתניה ,18,לב השרון
157,1363 ,בני נצרים ,BENE NEZARIM ,62,באר שבע ,62,באר שבע ,38,אשכול
158,588 ,בני ראם ,BENE RE'EM ,44,רחובות ,44,רחובות ,31,נחל שורק
159,4015 ,בני יהודה ,BENE YEHUDA ,29,גולן ,22,טבריה ,71,גולן
160,418 ,בני ציון ,BENE ZIYYON ,41,השרון ,41,נתניה ,19,חוף השרון
161,3612 ,בקעות ,BEQA'OT ,75,ירדן )יריחו( ,23,עפולה ,75,ערבות הירדן
162,864 ,בקוע ,BEQOA ,11,ירושלים ,13,בית שמש ,26,מטה יהודה
163,3710 ,ברכה ,BERAKHA ,72,שכם ,48,אריאל ,72,שומרון
164,746 ,ברכיה ,BEREKHYA ,61,אשקלון ,61,אשקלון ,36,חוף אשקלון
165,428 ,ברור חיל ,BEROR HAYIL ,61,אשקלון ,61,אשקלון ,37,שער הנגב
166,2060 ,ברוש ,BEROSH ,62,באר שבע ,62,באר שבע ,41,בני שמעון
167,95 ,בית אלפא ,BET ALFA ,23,עפולה ,23,עפולה ,8,הגלבוע
168,604 ,בית עריף ,BET ARIF ,43,רמלה ,43,רמלה ,25,חבל מודיעין
169,3652 ,בית אריה ,BET ARYE ,74,ראמאללה ,349,ראש העין ,0,
170,1076 ,בית ברל ,BET BERL ,42,פתח תקווה ,47,כפר סבא ,20,דרום השרון
171,466 ,בית דגן ,BET DAGAN ,43,רמלה ,43,רמלה ,0,
172,3574 ,בית אל ,BET EL ,74,ראמאללה ,11,ירושלים ,0,
173,562 ,בית אלעזרי ,BET EL'AZARI ,44,רחובות ,44,רחובות ,28,ברנר
174,756 ,בית עזרא ,BET EZRA ,61,אשקלון ,61,אשקלון ,33,באר טוביה
175,571 ,בית גמליאל ,BET GAMLI'EL ,44,רחובות ,44,רחובות ,29,חבל יבנה
176,619 ,בית גוברין ,BET GUVRIN ,61,אשקלון ,61,אשקלון ,35,יואב
177,3645 ,בית הערבה ,BET HAARAVA ,75,ירדן )יריחו( ,11,ירושלים ,74,מגילות ים המלח
178,572 ,בית העמק ,BET HAEMEQ ,24,עכו ,24,עכו ,4,מטה אשר
179,723 ,בית הגדי ,BET HAGADDI ,62,באר שבע ,62,באר שבע ,39,שדות נגב
180,373 ,בית הלוי ,BET HALEVI ,41,השרון ,41,נתניה ,16,עמק חפר
181,159 ,בית חנן ,BET HANAN ,44,רחובות ,44,רחובות ,27,גן רווה
182,800 ,בית חנניה ,BET HANANYA ,32,חדרה ,32,חדרה ,15,חוף הכרמל
183,242 ,בית השיטה ,BET HASHITTA ,23,עפולה ,23,עפולה ,8,הגלבוע
184,1050 ,בית חשמונאי ,BET HASHMONAY ,43,רמלה ,43,רמלה ,30,גזר
185,877 ,בית חירות ,BET HERUT ,41,השרון ,41,נתניה ,16,עמק חפר
186,322 ,בית הלל ,BET HILLEL ,21,צפת ,21,צפת ,55,מבואות החרמון
187,2033 ,בית חלקיה ,BET HILQIYYA ,44,רחובות ,44,רחובות ,31,נחל שורק
188,3864 ,בית חוגלה ,BET HOGLA ,75,ירדן )יריחו( ,11,ירושלים ,74,מגילות ים המלח
189,3575 ,בית חורון ,BET HORON ,74,ראמאללה ,11,ירושלים ,73,מטה בנימין
190,430 ,בית לחם הגלילית ,BET LEHEM HAGELILIT ,23,עפולה ,23,עפולה ,9,עמק יזרעאל
191,751 ,בית מאיר ,BET ME'IR ,11,ירושלים ,13,בית שמש ,26,מטה יהודה
192,784 ,בית נחמיה ,BET NEHEMYA ,43,רמלה ,43,רמלה ,25,חבל מודיעין
193,672 ,בית נקופה ,BET NEQOFA ,11,ירושלים ,11,ירושלים ,26,מטה יהודה
194,16 ,בית ניר ,BET NIR ,61,אשקלון ,61,אשקלון ,35,יואב
195,317 ,בית אורן ,BET OREN ,32,חדרה ,32,חדרה ,15,חוף הכרמל
196,202 ,בית עובד ,BET OVED ,44,רחובות ,44,רחובות ,27,גן רווה
197,598 ,בית קמה ,BET QAMA ,62,באר שבע ,62,באר שבע ,41,בני שמעון
198,365 ,בית קשת ,BET QESHET ,22,כנרת ,22,טבריה ,3,הגליל התחתון
199,848 ,בית רבן ,BET RABBAN ,44,רחובות ,44,רחובות ,29,חבל יבנה
200,1162 ,בית רימון ,BET RIMMON ,23,עפולה ,23,עפולה ,3,הגליל התחתון
201,9200 ,בית שאן ,BET SHE'AN ,23,עפולה ,23,עפולה ,0,
202,248 ,בית שערים ,BET SHE'ARIM ,23,עפולה ,23,עפולה ,9,עמק יזרעאל
203,2610 ,בית שמש ,BET SHEMESH ,11,ירושלים ,13,בית שמש ,0,
204,747 ,בית שקמה ,BET SHIQMA ,61,אשקלון ,61,אשקלון ,36,חוף אשקלון
205,301 ,בית עוזיאל ,BET UZZI'EL ,43,רמלה ,43,רמלה ,30,גזר
206,200 ,בית ינאי ,BET YANNAY ,41,השרון ,41,נתניה ,16,עמק חפר
207,3745 ,בית יתיר ,BET YATTIR ,77,חברון ,11,ירושלים ,78,הר חברון
208,288 ,בית יהושע ,BET YEHOSHUA ,41,השרון ,41,נתניה ,19,חוף השרון
209,326 ,בית יצחק-שער חפר ,BET YIZHAQ-SH. HEFER ,41,השרון ,41,נתניה ,16,עמק חפר
210,265 ,בית יוסף ,BET YOSEF ,23,עפולה ,23,עפולה ,7,עמק המעיינות
211,710 ,בית זית ,BET ZAYIT ,11,ירושלים ,11,ירושלים ,26,מטה יהודה
212,353 ,בית זיד ,BET ZEID ,23,עפולה ,23,עפולה ,9,עמק יזרעאל
213,143 ,בית זרע ,BET ZERA ,22,כנרת ,22,טבריה ,6,עמק הירדן
214,212 ,בית צבי ,BET ZEVI ,32,חדרה ,32,חדרה ,15,חוף הכרמל
215,3780 ,ביתר עילית ,BETAR ILLIT ,76,בית לחם ,11,ירושלים ,0,
216,589 ,בצת ,BEZET ,24,עכו ,24,עכו ,4,מטה אשר
217,483 ,בענה ,BI NE ,24,עכו ,24,עכו ,0,
218,9800 ,בנימינה-גבעת עדה ,BINYAMINA ,32,חדרה ,32,חדרה ,0,
219,998 ,ביר אל-מכסור ,BIR EL-MAKSUR ,24,עכו ,25,נוף הגליל ,0,
220,1348 ,ביר הדאג' ,BIR HADAGE ,62,באר שבע ,62,באר שבע ,68,נווה מדבר
221,368 ,ביריה ,BIRIYYA ,21,צפת ,21,צפת ,2,מרום הגליל
222,252 ,ביתן אהרן ,BITAN AHARON ,41,השרון ,41,נתניה ,16,עמק חפר
223,762 ,בטחה ,BITHA ,62,באר שבע ,62,באר שבע ,42,מרחבים
224,3897 ,בתרון ,BITRON ,75,ירדן )יריחו( ,23,עפולה ,75,ערבות הירדן
225,234 ,ביצרון ,BIZZARON ,61,אשקלון ,61,אשקלון ,33,באר טוביה
226,1368 ,בני דקלים ,BNE DKALIM ,61,אשקלון ,61,אשקלון ,50,לכיש
227,3757 ,ברוש הבקעה ,BROSH HABIK'A ,75,ירדן )יריחו( ,11,ירושלים ,75,ערבות הירדן
228,3744 ,ברוכין ,BRUKHIN ,73,טול כרם ,48,אריאל ,72,שומרון
229,482 ,בועיינה-נוג'ידאת ,BU'EINE-NUJEIDAT ,25,נצרת ,25,נוף הגליל ,0,
230,4001 ,בוקעאתא ,BUQ'ATA ,29,גולן ,21,צפת ,0,
231,698 ,בורגתה ,BURGETA ,41,השרון ,41,נתניה ,16,עמק חפר
232,559 ,בוסתן הגליל ,BUSTAN HAGALIL ,24,עכו ,24,עכו ,4,מטה אשר
233,489 ,דבוריה ,DABBURYE ,23,עפולה ,23,עפולה ,0,
234,302 ,דפנה ,DAFNA ,21,צפת ,21,צפת ,1,הגליל העליון
235,475 ,דחי ,DAHI ,23,עפולה ,23,עפולה ,66,בוסתאן אל-מרג'
236,494 ,דאלית אל-כרמל ,DALIYAT AL-KARMEL ,31,חיפה ,31,חיפה ,0,
237,300 ,דליה ,DALIYYA ,23,עפולה ,23,עפולה ,13,מגידו
238,431 ,דלתון ,DALTON ,21,צפת ,21,צפת ,2,מרום הגליל
239,303 ,דן ,DAN ,21,צפת ,21,צפת ,1,הגליל העליון
240,407 ,דברת ,DAVERAT ,23,עפולה ,23,עפולה ,9,עמק יזרעאל
241,62 ,דגניה א' ,DEGANYA ALEF ,22,כנרת ,22,טבריה ,6,עמק הירדן
242,79 ,דגניה ב' ,DEGANYA BET ,22,כנרת ,22,טבריה ,6,עמק הירדן
243,490 ,דייר אל-אסד ,DEIR AL-ASAD ,24,עכו ,24,עכו ,0,
244,492 ,דייר חנא ,DEIR HANNA ,24,עכו ,24,עכו ,0,
245,493 ,דייר ראפאת ,DEIR RAFAT ,11,ירושלים ,13,בית שמש ,26,מטה יהודה
246,1317 ,דמיידה ,DEMEIDE ,24,עכו ,20,כרמיאל ,56,משגב
247,1241 ,דקל ,DEQEL ,62,באר שבע ,62,באר שבע ,38,אשכול
248,1349 ,דריג'את ,DERIG'AT ,62,באר שבע ,62,באר שבע ,69,אל קסום
249,146 ,דבורה ,DEVORA ,23,עפולה ,23,עפולה ,8,הגלבוע
250,2200 ,דימונה ,DIMONA ,62,באר שבע ,62,באר שבע ,0,
251,2063 ,דישון ,DISHON ,21,צפת ,21,צפת ,55,מבואות החרמון
252,3747 ,דולב ,DOLEV ,74,ראמאללה ,11,ירושלים ,73,מטה בנימין
253,738 ,דור ,DOR ,32,חדרה ,32,חדרה ,15,חוף הכרמל
254,336 ,דורות ,DOROT ,61,אשקלון ,61,אשקלון ,37,שער הנגב
255,1067 ,דובב ,DOVEV ,21,צפת ,21,צפת ,2,מרום הגליל
256,849 ,דביר ,DVIR ,62,באר שבע ,62,באר שבע ,41,בני שמעון
257,3650 ,אפרת ,EFRAT ,76,בית לחם ,11,ירושלים ,0,
258,530 ,עיילבון ,EILABUN ,22,כנרת ,22,טבריה ,0,
259,546 ,עין אל-אסד ,EIN AL-ASAD ,24,עכו ,21,צפת ,2,מרום הגליל
260,1320 ,עין חוד ,EIN HOD ,32,חדרה ,32,חדרה ,15,חוף הכרמל
261,532 ,עין מאהל ,EIN MAHEL ,25,נצרת ,25,נוף הגליל ,0,
262,521 ,עין נקובא ,EIN NAQQUBA ,11,ירושלים ,11,ירושלים ,26,מטה יהודה
263,4502 ,עין קנייא ,EIN QINIYYE ,29,גולן ,21,צפת ,0,
264,514 ,עין ראפה ,EIN RAFA ,11,ירושלים ,11,ירושלים ,26,מטה יהודה
265,1309 ,אלעד ,EL'AD ,42,פתח תקווה ,349,ראש העין ,0,
266,3618 ,אלעזר ,EL'AZAR ,76,בית לחם ,11,ירושלים ,76,גוש עציון
267,4003 ,אל-רום ,EL-ROM ,29,גולן ,21,צפת ,71,גולן
268,2600 ,אילת ,ELAT ,62,באר שבע ,63,אילת ,0,
269,3765 ,עלי ,ELI ,72,שכם ,48,אריאל ,73,מטה בנימין
270,4002 ,אלי-עד ,ELI-AD ,29,גולן ,22,טבריה ,71,גולן
271,1365 ,אליאב ,ELIAV ,61,אשקלון ,61,אשקלון ,50,לכיש
272,1248 ,אליפז ,ELIFAZ ,62,באר שבע ,63,אילת ,53,חבל אילות
273,730 ,אליפלט ,ELIFELET ,21,צפת ,21,צפת ,55,מבואות החרמון
274,841 ,אלישמע ,ELISHAMA ,42,פתח תקווה ,47,כפר סבא ,20,דרום השרון
275,294 ,אילון ,ELON ,24,עכו ,24,עכו ,4,מטה אשר
276,3579 ,אלון מורה ,ELON MORE ,72,שכם ,48,אריאל ,72,שומרון
277,1126 ,אילות ,ELOT ,62,באר שבע ,63,אילת ,53,חבל אילות
278,3560 ,אלקנה ,ELQANA ,73,טול כרם ,349,ראש העין ,0,
279,603 ,אלקוש ,ELQOSH ,24,עכו ,24,עכו ,52,מעלה יוסף
280,41 ,אליכין ,ELYAKHIN ,41,השרון ,32,חדרה ,0,
281,682 ,אליקים ,ELYAQIM ,23,עפולה ,23,עפולה ,13,מגידו
282,204 ,אלישיב ,ELYASHIV ,41,השרון ,32,חדרה ,16,עמק חפר
283,772 ,אמונים ,EMUNIM ,61,אשקלון ,61,אשקלון ,33,באר טוביה
284,687 ,עין איילה ,EN AYYALA ,32,חדרה ,32,חדרה ,15,חוף הכרמל
285,436 ,עין דור ,EN DOR ,23,עפולה ,23,עפולה ,9,עמק יזרעאל
286,2042 ,עין גדי ,EN GEDI ,62,באר שבע ,62,באר שבע ,51,תמר
287,273 ,עין גב ,EN GEV ,22,כנרת ,22,טבריה ,6,עמק הירדן
288,1240 ,עין הבשור ,EN HABESOR ,62,באר שבע ,62,באר שבע ,38,אשכול
289,367 ,עין העמק ,EN HAEMEQ ,23,עפולה ,23,עפולה ,13,מגידו
290,167 ,עין החורש ,EN HAHORESH ,41,השרון ,41,נתניה ,16,עמק חפר
291,289 ,עין המפרץ ,EN HAMIFRAZ ,24,עכו ,24,עכו ,4,מטה אשר
292,383 ,עין הנציב ,EN HANAZIV ,23,עפולה ,23,עפולה ,7,עמק המעיינות
293,89 ,עין חרוד (איחוד) ,EN HAROD (IHUD) ,23,עפולה ,23,עפולה ,8,הגלבוע
294,82 ,עין חרוד (מאוחד) ,EN HAROD(ME'UHAD) ,23,עפולה ,23,עפולה ,8,הגלבוע
295,676 ,עין השלושה ,EN HASHELOSHA ,62,באר שבע ,62,באר שבע ,38,אשכול
296,270 ,עין השופט ,EN HASHOFET ,23,עפולה ,23,עפולה ,13,מגידו
297,1053 ,עין חצבה ,EN HAZEVA ,62,באר שבע ,63,אילת ,51,תמר
298,74 ,עין הוד ,EN HOD ,32,חדרה ,32,חדרה ,15,חוף הכרמל
299,223 ,עין עירון ,EN IRON ,32,חדרה ,32,חדרה ,14,מנשה
300,1056 ,עין כרם-ביס חקלאי ,EN KAREM-B.S.HAQLA'I ,11,ירושלים ,11,ירושלים ,26,מטה יהודה
301,426 ,עין כרמל ,EN KARMEL ,32,חדרה ,32,חדרה ,15,חוף הכרמל
302,880 ,עין שריד ,EN SARID ,41,השרון ,41,נתניה ,18,לב השרון
303,139 ,עין שמר ,EN SHEMER ,32,חדרה ,32,חדרה ,14,מנשה
304,1251 ,עין תמר ,EN TAMAR ,62,באר שבע ,62,באר שבע ,51,תמר
305,157 ,עין ורד ,EN WERED ,41,השרון ,41,נתניה ,18,לב השרון
306,813 ,עין יעקב ,EN YA'AQOV ,24,עכו ,24,עכו ,52,מעלה יוסף
307,806 ,עין יהב ,EN YAHAV ,62,באר שבע ,63,אילת ,54,הערבה התיכונה
308,4503 ,עין זיוון ,EN ZIWAN ,29,גולן ,21,צפת ,71,גולן
309,622 ,עין צורים ,EN ZURIM ,61,אשקלון ,61,אשקלון ,34,שפיר
310,871 ,עינת ,ENAT ,42,פתח תקווה ,349,ראש העין ,20,דרום השרון
311,3712 ,ענב ,ENAV ,73,טול כרם ,41,נתניה ,72,שומרון
312,714 ,ארז ,EREZ ,61,אשקלון ,61,אשקלון ,37,שער הנגב
313,71 ,אשבול ,ESHBOL ,62,באר שבע ,62,באר שבע ,42,מרחבים
314,2021 ,אשל הנשיא ,ESHEL HANASI ,62,באר שבע ,62,באר שבע ,42,מרחבים
315,1188 ,אשחר ,ESHHAR ,24,עכו ,20,כרמיאל ,56,משגב
316,3722 ,אשכולות ,ESHKOLOT ,77,חברון ,11,ירושלים ,78,הר חברון
317,740 ,אשתאול ,ESHTA'OL ,11,ירושלים ,13,בית שמש ,26,מטה יהודה
318,37 ,איתן ,ETAN ,61,אשקלון ,61,אשקלון ,34,שפיר
319,886 ,איתנים ,ETANIM ,11,ירושלים ,13,בית שמש ,26,מטה יהודה
320,1298 ,אתגר ,ETGAR ,24,עכו ,20,כרמיאל ,56,משגב
321,3880 ,עיבל ,EVAL ,72,שכם ,48,אריאל ,72,שומרון
322,1081 ,אבן מנחם ,EVEN MENAHEM ,24,עכו ,24,עכו ,52,מעלה יוסף
323,783 ,אבן ספיר ,EVEN SAPPIR ,11,ירושלים ,11,ירושלים ,26,מטה יהודה
324,400 ,אבן שמואל ,EVEN SHEMU'EL ,61,אשקלון ,61,אשקלון ,34,שפיר
325,182 ,אבן יהודה ,EVEN YEHUDA ,41,השרון ,41,נתניה ,0,
326,369 ,גלעד (אבן יצחק) ,EVEN YIZHAQ(GAL'ED) ,23,עפולה ,23,עפולה ,13,מגידו
327,376 ,עברון ,EVRON ,24,עכו ,24,עכו ,4,מטה אשר
328,716 ,אייל ,EYAL ,42,פתח תקווה ,47,כפר סבא ,20,דרום השרון
329,1149 ,עזר ,EZER ,61,אשקלון ,61,אשקלון ,33,באר טוביה
330,328 ,עזוז ,EZUZ ,62,באר שבע ,62,באר שבע ,48,רמת נגב
331,535 ,פסוטה ,FASSUTA ,24,עכו ,24,עכו ,0,
332,537 ,פוריידיס ,FUREIDIS ,32,חדרה ,32,חדרה ,0,
333,842 ,געש ,GA'ASH ,41,השרון ,41,נתניה ,19,חוף השרון
334,463 ,געתון ,GA'TON ,24,עכו ,24,עכו ,4,מטה אשר
335,145 ,גדיש ,GADISH ,23,עפולה ,23,עפולה ,8,הגלבוע
336,35 ,גדות ,GADOT ,21,צפת ,21,צפת ,1,הגליל העליון
337,393 ,גלאון ,GAL'ON ,61,אשקלון ,61,אשקלון ,35,יואב
338,1072 ,גן הדרום ,GAN HADAROM ,44,רחובות ,44,רחובות ,32,גדרות
339,225 ,גן השומרון ,GAN HASHOMERON ,32,חדרה ,32,חדרה ,14,מנשה
340,239 ,גן חיים ,GAN HAYYIM ,42,פתח תקווה ,47,כפר סבא ,20,דרום השרון
341,1274 ,גן נר ,GAN NER ,23,עפולה ,23,עפולה ,8,הגלבוע
342,144 ,גן שלמה ,GAN SHELOMO ,44,רחובות ,44,רחובות ,28,ברנר
343,72 ,גן שמואל ,GAN SHEMU'EL ,32,חדרה ,32,חדרה ,14,מנשה
344,311 ,גן שורק ,GAN SOREQ ,44,רחובות ,44,רחובות ,27,גן רווה
345,166 ,גן יבנה ,GAN YAVNE ,44,רחובות ,44,רחובות ,0,
346,734 ,גן יאשיה ,GAN YOSHIYYA ,41,השרון ,41,נתניה ,16,עמק חפר
347,218 ,גני עם ,GANNE AM ,42,פתח תקווה ,47,כפר סבא ,20,דרום השרון
348,1103 ,גני הדר ,GANNE HADAR ,43,רמלה ,43,רמלה ,30,גזר
349,3823 ,גני מודיעין ,GANNE MODIIN ,74,ראמאללה ,11,ירושלים ,73,מטה בנימין
350,1371 ,גני טל ,GANNE TAL ,44,רחובות ,44,רחובות ,31,נחל שורק
351,229 ,גני תקווה ,GANNE TIQWA ,42,פתח תקווה ,42,פתח תקוה ,0,
352,862 ,גני יוחנן ,GANNE YOHANAN ,44,רחובות ,44,רחובות ,30,גזר
353,3758 ,גנים ,GANNIM ,71,ג'נין ,32,חדרה ,72,שומרון
354,836 ,גנות ,GANNOT ,43,רמלה ,43,רמלה ,40,שדות דן
355,549 ,גנות הדר ,GANNOT HADAR ,41,השרון ,41,נתניה ,18,לב השרון
356,128 ,גת רימון ,GAT RIMMON ,42,פתח תקווה ,42,פתח תקוה ,20,דרום השרון
357,340 ,גת (קיבוץ) ,GAT(QIBBUZ) ,61,אשקלון ,61,אשקלון ,35,יואב
358,457 ,גזית ,GAZIT ,23,עפולה ,23,עפולה ,9,עמק יזרעאל
359,706 ,גיאה ,GE'A ,61,אשקלון ,61,אשקלון ,36,חוף אשקלון
360,853 ,גאליה ,GE'ALYA ,44,רחובות ,44,רחובות ,27,גן רווה
361,872 ,גאולי תימן ,GE'ULE TEMAN ,41,השרון ,32,חדרה ,16,עמק חפר
362,379 ,גאולים ,GE'ULIM ,41,השרון ,41,נתניה ,18,לב השרון
363,2550 ,גדרה ,GEDERA ,44,רחובות ,44,רחובות ,0,
364,39 ,גפן ,GEFEN ,11,ירושלים ,13,בית שמש ,26,מטה יהודה
365,346 ,גליל ים ,GELIL YAM ,51,תל אביב ,57,הרצליה ,19,חוף השרון
366,1129 ,גרופית ,GEROFIT ,62,באר שבע ,63,אילת ,53,חבל אילות
367,305 ,גשר ,GESHER ,22,כנרת ,22,טבריה ,7,עמק המעיינות
368,574 ,גשר הזיו ,GESHER HAZIW ,24,עכו ,24,עכו ,4,מטה אשר
369,4022 ,גשור ,GESHUR ,29,גולן ,22,טבריה ,71,גולן
370,86 ,גבע ,GEVA ,23,עפולה ,23,עפולה ,8,הגלבוע
371,683 ,גבע כרמל ,GEVA KARMEL ,32,חדרה ,32,חדרה ,15,חוף הכרמל
372,3763 ,גבע בנימין ,GEVA BINYAMIN ,74,ראמאללה ,11,ירושלים ,73,מטה בנימין
373,1344 ,גבעות בר ,GEVA'OT BAR ,62,באר שבע ,62,באר שבע ,41,בני שמעון
374,342 ,גברעם ,GEVAR'AM ,61,אשקלון ,61,אשקלון ,36,חוף אשקלון
375,133 ,גבת ,GEVAT ,23,עפולה ,23,עפולה ,9,עמק יזרעאל
376,424 ,גבים ,GEVIM ,61,אשקלון ,61,אשקלון ,37,שער הנגב
377,352 ,גבולות ,GEVULOT ,62,באר שבע ,62,באר שבע ,38,אשכול
378,370 ,גזר ,GEZER ,43,רמלה ,43,רמלה ,30,גזר
379,4501 ,ע'ג'ר ,GHAJAR ,29,גולן ,21,צפת ,0,
380,196 ,גיבתון ,GIBBETON ,44,רחובות ,44,רחובות ,28,ברנר
381,442 ,גדעונה ,GID'ONA ,23,עפולה ,23,עפולה ,8,הגלבוע
382,736 ,גילת ,GILAT ,62,באר שבע ,62,באר שבע ,42,מרחבים
383,3606 ,גלגל ,GILGAL ,75,ירדן )יריחו( ,23,עפולה ,75,ערבות הירדן
384,1204 ,גילון ,GILON ,24,עכו ,20,כרמיאל ,56,משגב
385,745 ,גמזו ,GIMZO ,43,רמלה ,43,רמלה ,25,חבל מודיעין
386,863 ,גינתון ,GINNATON ,43,רמלה ,43,רמלה ,25,חבל מודיעין
387,92 ,גיניגר ,GINNEGAR ,23,עפולה ,23,עפולה ,9,עמק יזרעאל
388,262 ,גינוסר ,GINNOSAR ,22,כנרת ,22,טבריה ,6,עמק הירדן
389,1206 ,גיתה ,GITTA ,24,עכו ,24,עכו ,52,מעלה יוסף
390,3613 ,גיתית ,GITTIT ,75,ירדן )יריחו( ,23,עפולה ,75,ערבות הירדן
391,1293 ,גבעת אבני ,GIV'AT AVNI ,22,כנרת ,22,טבריה ,3,הגליל התחתון
392,147 ,גבעת ברנר ,GIV'AT BRENNER ,44,רחובות ,44,רחובות ,28,ברנר
393,1288 ,גבעת אלה ,GIV'AT ELA ,23,עפולה ,23,עפולה ,9,עמק יזרעאל
394,870 ,גבעת השלושה ,GIV'AT HASHELOSHA ,42,פתח תקווה ,349,ראש העין ,20,דרום השרון
395,2018 ,גבעת חיים (איחוד) ,GIV'AT HAYYIM (IHUD) ,41,השרון ,41,נתניה ,16,עמק חפר
396,173 ,גבעת חיים (מאוחד) ,GIV'AT HAYYIM(ME'UHA ,41,השרון ,41,נתניה ,16,עמק חפר
397,207 ,גבעת חן ,GIV'AT HEN ,42,פתח תקווה ,47,כפר סבא ,20,דרום השרון
398,802 ,גבעת כח ,GIV'AT KOAH ,42,פתח תקווה ,42,פתח תקוה ,25,חבל מודיעין
399,360 ,גבעת נילי ,GIV'AT NILI ,32,חדרה ,32,חדרה ,45,אלונה
400,703 ,גבעת עוז ,GIV'AT OZ ,23,עפולה ,23,עפולה ,13,מגידו
401,1077 ,גבעת שפירא ,GIV'AT SHAPPIRA ,41,השרון ,41,נתניה ,16,עמק חפר
402,566 ,גבעת שמש ,GIV'AT SHEMESH ,11,ירושלים ,13,בית שמש ,26,מטה יהודה
403,681 ,גבעת שמואל ,GIV'AT SHEMU'EL ,42,פתח תקווה ,42,פתח תקוה ,0,
404,787 ,גבעת יערים ,GIV'AT YE'ARIM ,11,ירושלים ,13,בית שמש ,26,מטה יהודה
405,919 ,גבעת ישעיהו ,GIV'AT YESHA'YAHU ,11,ירושלים ,13,בית שמש ,26,מטה יהודה
406,4021 ,גבעת יואב ,GIV'AT YO'AV ,29,גולן ,22,טבריה ,71,גולן
407,3730 ,גבעת זאב ,GIV'AT ZE'EV ,74,ראמאללה ,11,ירושלים ,0,
408,6300 ,גבעתיים ,GIV'ATAYIM ,52,רמת גן ,52,רמת גן ,0,
409,793 ,גבעתי ,GIV'ATI ,61,אשקלון ,61,אשקלון ,33,באר טוביה
410,2014 ,גבעולים ,GIV'OLIM ,62,באר שבע ,62,באר שבע ,39,שדות נגב
411,3644 ,גבעון החדשה ,GIV'ON HAHADASHA ,74,ראמאללה ,11,ירושלים ,73,מטה בנימין
412,1362 ,גבעות עדן ,GIV'OT EDEN ,11,ירושלים ,13,בית שמש ,26,מטה יהודה
413,3862 ,גבעות הרואה ,GIV'OT HARO'E ,74,ראמאללה ,48,אריאל ,73,מטה בנימין
414,1043 ,גיזו ,GIZO ,11,ירושלים ,13,בית שמש ,26,מטה יהודה
415,3893 ,גודר ,GODER ,75,ירדן )יריחו( ,11,ירושלים ,75,ערבות הירדן
416,852 ,גונן ,GONEN ,21,צפת ,21,צפת ,1,הגליל העליון
417,755 ,גורן ,GOREN ,24,עכו ,24,עכו ,52,מעלה יוסף
418,1219 ,גורנות הגליל ,GORNOT HAGALIL ,24,עכו ,24,עכו ,52,מעלה יוסף
419,3783 ,גבעות ,GVA'OT ,76,בית לחם ,11,ירושלים ,76,גוש עציון
420,675 ,הבונים ,HABONIM ,32,חדרה ,32,חדרה ,15,חוף הכרמל
421,4026 ,חד-נס ,HAD-NES ,29,גולן ,22,טבריה ,71,גולן
422,191 ,הדר עם ,HADAR AM ,41,השרון ,41,נתניה ,16,עמק חפר
423,6500 ,חדרה ,HADERA ,32,חדרה ,32,חדרה ,0,
424,618 ,חדיד ,HADID ,43,רמלה ,43,רמלה ,25,חבל מודיעין
425,363 ,חפץ חיים ,HAFEZ HAYYIM ,44,רחובות ,44,רחובות ,31,נחל שורק
426,3764 ,חגי ,HAGGAI ,77,חברון ,11,ירושלים ,78,הר חברון
427,717 ,חגור ,HAGOR ,42,פתח תקווה ,42,פתח תקוה ,20,דרום השרון
428,356 ,הגושרים ,HAGOSHERIM ,21,צפת ,21,צפת ,1,הגליל העליון
429,434 ,החותרים ,HAHOTERIM ,32,חדרה ,32,חדרה ,15,חוף הכרמל
430,4000 ,חיפה ,HAIFA ,31,חיפה ,31,חיפה ,0,
431,1272 ,חלוץ ,HALUZ ,24,עכו ,20,כרמיאל ,56,משגב
432,377 ,המעפיל ,HAMA'PIL ,41,השרון ,32,חדרה ,16,עמק חפר
433,343 ,חמדיה ,HAMADYA ,23,עפולה ,23,עפולה ,7,עמק המעיינות
434,993 ,חמאם ,HAMAM ,22,כנרת ,22,טבריה ,65,אל-בטוף
435,3609 ,חמרה ,HAMRA ,75,ירדן )יריחו( ,23,עפולה ,75,ערבות הירדן
436,280 ,חניתה ,HANITA ,24,עכו ,24,עכו ,4,מטה אשר
437,1257 ,חנתון ,HANNATON ,23,עפולה ,23,עפולה ,9,עמק יזרעאל
438,807 ,חניאל ,HANNI'EL ,41,השרון ,41,נתניה ,16,עמק חפר
439,423 ,העוגן ,HAOGEN ,41,השרון ,41,נתניה ,16,עמק חפר
440,702 ,האון ,HAON ,22,כנרת ,22,טבריה ,6,עמק הירדן
441,3769 ,הר אדר ,HAR ADAR ,74,ראמאללה ,11,ירושלים ,0,
442,1261 ,הר עמשא ,HAR AMASA ,62,באר שבע ,62,באר שבע ,51,תמר
443,3603 ,הר גילה ,HAR GILLO ,76,בית לחם ,11,ירושלים ,76,גוש עציון
444,464 ,הראל ,HAR'EL ,11,ירושלים ,13,בית שמש ,26,מטה יהודה
445,1203 ,הררית ,HARARIT ,24,עכו ,20,כרמיאל ,56,משגב
446,1209 ,חרשים ,HARASHIM ,24,עכו ,20,כרמיאל ,56,משגב
447,1249 ,הרדוף ,HARDUF ,23,עפולה ,23,עפולה ,9,עמק יזרעאל
448,3870 ,חרשה ,HARESHA ,74,ראמאללה ,11,ירושלים ,73,מטה בנימין
449,1247 ,חריש ,HARISH ,32,חדרה ,32,חדרה ,0,
450,1024 ,חרוצים ,HARUZIM ,41,השרון ,41,נתניה ,19,חוף השרון
451,3770 ,חשמונאים ,HASHMONA'IM ,74,ראמאללה ,11,ירושלים ,73,מטה בנימין
452,677 ,הסוללים ,HASOLELIM ,23,עפולה ,23,עפולה ,9,עמק יזרעאל
453,4005 ,חספין ,HASPIN ,29,גולן ,22,טבריה ,71,גולן
454,235 ,חבצלת השרון ,HAVAZZELET HASHARON ,41,השרון ,41,נתניה ,16,עמק חפר
455,1169 ,הוואשלה (שבט) ,HAWASHLA ,62,באר שבע ,62,באר שבע ,0,
456,684 ,היוגב ,HAYOGEV ,23,עפולה ,23,עפולה ,9,עמק יזרעאל
457,700 ,חצב ,HAZAV ,61,אשקלון ,61,אשקלון ,33,באר טוביה
458,397 ,חצרים ,HAZERIM ,62,באר שבע ,62,באר שבע ,41,בני שמעון
459,13 ,חצבה ,HAZEVA ,62,באר שבע ,63,אילת ,54,הערבה התיכונה
460,1047 ,חזון ,HAZON ,22,כנרת ,22,טבריה ,2,מרום הגליל
461,2034 ,חצור הגלילית ,HAZOR HAGELILIT ,21,צפת ,21,צפת ,0,
462,406 ,חצור-אשדוד ,HAZOR-ASHDOD ,61,אשקלון ,61,אשקלון ,33,באר טוביה
463,307 ,הזורעים ,HAZORE'IM ,22,כנרת ,22,טבריה ,3,הגליל התחתון
464,250 ,הזורע ,HAZOREA ,23,עפולה ,23,עפולה ,13,מגידו
465,90 ,חפצי-בה ,HEFZI-BAH ,23,עפולה ,23,עפולה ,8,הגלבוע
466,820 ,חלץ ,HELEZ ,61,אשקלון ,61,אשקלון ,36,חוף אשקלון
467,801 ,חמד ,HEMED ,43,רמלה ,43,רמלה ,40,שדות דן
468,422 ,חרב לאת ,HEREV LE'ET ,41,השרון ,32,חדרה ,16,עמק חפר
469,3717 ,חרמש ,HERMESH ,71,ג'נין ,32,חדרה ,72,שומרון
470,162 ,חירות ,HERUT ,41,השרון ,41,נתניה ,18,לב השרון
471,6400 ,הרצליה ,HERZELIYYA ,51,תל אביב ,57,הרצליה ,0,
472,1110 ,חבר ,HEVER ,23,עפולה ,23,עפולה ,8,הגלבוע
473,219 ,חיבת ציון ,HIBBAT ZIYYON ,41,השרון ,32,חדרה ,16,עמק חפר
474,1208 ,הילה ,HILLA ,24,עכו ,24,עכו ,52,מעלה יוסף
475,3643 ,חיננית ,HINNANIT ,71,ג'נין ,32,חדרה ,72,שומרון
476,9700 ,הוד השרון ,HOD HASHARON ,42,פתח תקווה ,47,כפר סבא ,0,
477,1322 ,הודיות ,HODAYOT ,22,כנרת ,22,טבריה ,3,הגליל התחתון
478,726 ,הודיה ,HODIYYA ,61,אשקלון ,61,אשקלון ,36,חוף אשקלון
479,115 ,חופית ,HOFIT ,41,השרון ,41,נתניה ,16,עמק חפר
480,205 ,חגלה ,HOGLA ,41,השרון ,32,חדרה ,16,עמק חפר
481,1239 ,חולית ,HOLIT ,62,באר שבע ,62,באר שבע ,38,אשכול
482,6600 ,חולון ,HOLON ,53,חולון ,53,חולון ,0,
483,3642 ,חומש ,HOMESH ,73,טול כרם ,41,נתניה ,72,שומרון
484,355 ,חורשים ,HORESHIM ,42,פתח תקווה ,349,ראש העין ,20,דרום השרון
485,662 ,חוסן ,HOSEN ,24,עכו ,24,עכו ,52,מעלה יוסף
486,1186 ,הושעיה ,HOSHA'AYA ,23,עפולה ,23,עפולה ,9,עמק יזרעאל
487,948 ,חוג'ייראת (ד'הרה) ,HUJEIRAT (DAHRA) ,24,עכו ,24,עכו ,56,משגב
488,253 ,חולתה ,HULATA ,21,צפת ,21,צפת ,1,הגליל העליון
489,160 ,חולדה ,HULDA ,43,רמלה ,43,רמלה ,30,גזר
490,374 ,חוקוק ,HUQOQ ,22,כנרת ,22,טבריה ,6,עמק הירדן
491,1303 ,חורה ,HURA ,62,באר שבע ,62,באר שבע ,0,
492,496 ,חורפיש ,HURFEISH ,24,עכו ,24,עכו ,0,
493,1332 ,חוסנייה ,HUSSNIYYA ,24,עכו ,20,כרמיאל ,56,משגב
494,956 ,הוזייל (שבט) ,HUZAYYEL ,62,באר שבע ,62,באר שבע ,0,
495,529 ,אעבלין ,I'BILLIN ,24,עכו ,24,עכו ,0,
496,3891 ,איבי הנחל ,IBBE HANAHAL ,76,בית לחם ,11,ירושלים ,76,גוש עציון
497,338 ,איבים ,IBBIM ,61,אשקלון ,61,אשקלון ,37,שער הנגב
498,652 ,אבטין ,IBTIN ,31,חיפה ,31,חיפה ,12,זבולון
499,1175 ,עידן ,IDDAN ,62,באר שבע ,62,באר שבע ,54,הערבה התיכונה
500,478 ,אכסאל ,IKSAL ,23,עפולה ,23,עפולה ,0,
501,49 ,אילניה ,ILANIYYA ,22,כנרת ,22,טבריה ,3,הגליל התחתון
502,511 ,עילוט ,ILUT ,25,נצרת ,25,נוף הגליל ,0,
503,3660 ,עמנואל ,IMMANU'EL ,73,טול כרם ,349,ראש העין ,0,
504,1187 ,עיר אובות ,IR OVOT ,62,באר שבע ,62,באר שבע ,54,הערבה התיכונה
505,1336 ,אירוס ,IRUS ,44,רחובות ,44,רחובות ,27,גן רווה
506,534 ,עספיא ,ISIFYA ,31,חיפה ,31,חיפה ,0,
507,3762 ,איתמר ,ITAMAR ,72,שכם ,48,אריאל ,72,שומרון
508,628 ,ג'ת ,JAAT ,32,חדרה ,32,חדרה ,0,
509,627 ,ג'לג'וליה ,JALJULYE ,42,פתח תקווה ,47,כפר סבא ,0,
510,3000 ,ירושלים ,JERUSALEM ,11,ירושלים ,11,ירושלים ,0,
511,487 ,ג'ש (גוש חלב) ,JISH(GUSH HALAV) ,21,צפת ,21,צפת ,0,
512,541 ,ג'סר א-זרקא ,JISR AZ-ZARQA ,32,חדרה ,32,חדרה ,0,
513,1292 ,ג'דיידה-מכר ,JUDEIDE-MAKER ,24,עכו ,24,עכו ,0,
514,485 ,ג'ולס ,JULIS ,24,עכו ,24,עכו ,0,
515,976 ,ג'נאביב (שבט) ,JUNNABIB ,62,באר שבע ,62,באר שבע ,0,
516,978 ,כעביה-טבאש-חג'אג'רה ,KA'ABIYYE-TABBASH-HA ,25,נצרת ,25,נוף הגליל ,0,
517,576 ,כברי ,KABRI ,24,עכו ,24,עכו ,4,מטה אשר
518,504 ,כאבול ,KABUL ,24,עכו ,24,עכו ,0,
519,3729 ,כדים ,KADDIM ,71,ג'נין ,32,חדרה ,72,שומרון
520,1338 ,כדיתה ,KADDITA ,21,צפת ,21,צפת ,2,מרום הגליל
521,371 ,כדורי ,KADOORIE ,22,כנרת ,22,טבריה ,3,הגליל התחתון
522,633 ,כפר ברא ,KAFAR BARA ,42,פתח תקווה ,42,פתח תקוה ,0,
523,508 ,כפר כמא ,KAFAR KAMA ,22,כנרת ,22,טבריה ,0,
524,509 ,כפר כנא ,KAFAR KANNA ,25,נצרת ,25,נוף הגליל ,0,
525,510 ,כפר מנדא ,KAFAR MANDA ,24,עכו ,25,נוף הגליל ,0,
526,512 ,כפר מצר ,KAFAR MISR ,25,נצרת ,23,עפולה ,66,בוסתאן אל-מרג'
527,654 ,כפר קרע ,KAFAR QARA ,32,חדרה ,32,חדרה ,0,
528,634 ,כפר קאסם ,KAFAR QASEM ,42,פתח תקווה ,42,פתח תקוה ,0,
529,507 ,כפר יאסיף ,KAFAR YASIF ,24,עכו ,24,עכו ,0,
530,1210 ,כחל ,KAHAL ,21,צפת ,21,צפת ,55,מבואות החרמון
531,1229 ,כלנית ,KALLANIT ,22,כנרת ,22,טבריה ,2,מרום הגליל
532,1201 ,כמון ,KAMMON ,24,עכו ,20,כרמיאל ,56,משגב
533,4028 ,כנף ,KANAF ,29,גולן ,22,טבריה ,71,גולן
534,3902 ,כנפי שחר ,KANFE SHAHAR ,74,ראמאללה ,11,ירושלים ,73,מטה בנימין
535,2006 ,כנות ,KANNOT ,61,אשקלון ,61,אשקלון ,33,באר טוביה
536,505 ,כאוכב אבו אל-היג'א ,KAOKAB ABU AL-HIJA ,24,עכו ,24,עכו ,0,
537,1285 ,כרכום ,KARKOM ,22,כנרת ,21,צפת ,55,מבואות החרמון
538,1374 ,כרמי קטיף ,KARME QATIF ,61,אשקלון ,61,אשקלון ,50,לכיש
539,1264 ,כרמי יוסף ,KARME YOSEF ,43,רמלה ,43,רמלה ,30,גזר
540,3766 ,כרמי צור ,KARME ZUR ,77,חברון ,11,ירושלים ,76,גוש עציון
541,3656 ,כרמל ,KARMEL ,77,חברון ,11,ירושלים ,78,הר חברון
542,1139 ,כרמיאל ,KARMI'EL ,24,עכו ,20,כרמיאל ,0,
543,768 ,כרמיה ,KARMIYYA ,61,אשקלון ,61,אשקלון ,36,חוף אשקלון
544,3895 ,קדם ערבה ,KEDEM ARAVA ,75,ירדן )יריחו( ,11,ירושלים ,74,מגילות ים המלח
545,3638 ,כפר אדומים ,KEFAR ADUMMIM ,74,ראמאללה ,11,ירושלים ,73,מטה בנימין
546,690 ,כפר אחים ,KEFAR AHIM ,61,אשקלון ,61,אשקלון ,33,באר טוביה
547,857 ,כפר אביב ,KEFAR AVIV ,44,רחובות ,44,רחובות ,32,גדרות
548,875 ,כפר עבודה ,KEFAR AVODA ,41,השרון ,41,נתניה ,18,לב השרון
549,845 ,כפר עזה ,KEFAR AZZA ,61,אשקלון ,61,אשקלון ,37,שער הנגב
550,132 ,כפר ברוך ,KEFAR BARUKH ,23,עפולה ,23,עפולה ,9,עמק יזרעאל
551,220 ,כפר ביאליק ,KEFAR BIALIK ,31,חיפה ,31,חיפה ,12,זבולון
552,177 ,כפר בילו ,KEFAR BILU ,44,רחובות ,44,רחובות ,30,גזר
553,2010 ,כפר בן נון ,KEFAR BIN NUN ,43,רמלה ,43,רמלה ,30,גזר
554,357 ,כפר בלום ,KEFAR BLUM ,21,צפת ,21,צפת ,1,הגליל העליון
555,707 ,כפר דניאל ,KEFAR DANIYYEL ,43,רמלה ,43,רמלה ,25,חבל מודיעין
556,3488 ,כפר עציון ,KEFAR EZYON ,76,בית לחם ,11,ירושלים ,76,גוש עציון
557,427 ,כפר גלים ,KEFAR GALLIM ,31,חיפה ,31,חיפה ,15,חוף הכרמל
558,106 ,כפר גדעון ,KEFAR GID'ON ,23,עפולה ,23,עפולה ,9,עמק יזרעאל
559,76 ,כפר גלעדי ,KEFAR GIL'ADI ,21,צפת ,21,צפת ,1,הגליל העליון
560,310 ,כפר גליקסון ,KEFAR GLIKSON ,32,חדרה ,32,חדרה ,14,מנשה
561,696 ,כפר חבד ,KEFAR HABAD ,43,רמלה ,43,רמלה ,40,שדות דן
562,192 ,כפר החורש ,KEFAR HAHORESH ,23,עפולה ,23,עפולה ,9,עמק יזרעאל
563,254 ,כפר המכבי ,KEFAR HAMAKKABI ,31,חיפה ,31,חיפה ,12,זבולון
564,582 ,כפר הנגיד ,KEFAR HANAGID ,44,רחובות ,44,רחובות ,27,גן רווה
565,1297 ,כפר חנניה ,KEFAR HANANYA ,21,צפת ,21,צפת ,2,מרום הגליל
566,443 ,כפר הנשיא ,KEFAR HANASI ,21,צפת ,21,צפת ,1,הגליל העליון
567,890 ,כפר הנוער הדתי ,KEFAR HANO'AR HADATI ,31,חיפה ,31,חיפה ,12,זבולון
568,3796 ,כפר האורנים ,KEFAR HAORANIM ,74,ראמאללה ,11,ירושלים ,73,מטה בנימין
569,888 ,כפר הריף ,KEFAR HARIF ,61,אשקלון ,61,אשקלון ,35,יואב
570,217 ,כפר הראה ,KEFAR HARO'E ,41,השרון ,32,חדרה ,16,עמק חפר
571,4004 ,כפר חרוב ,KEFAR HARUV ,29,גולן ,22,טבריה ,71,גולן
572,112 ,כפר חסידים א' ,KEFAR HASIDIM ALEF ,31,חיפה ,31,חיפה ,12,זבולון
573,889 ,כפר חסידים ב' ,KEFAR HASIDIM BET ,31,חיפה ,31,חיפה ,12,זבולון
574,193 ,כפר חיים ,KEFAR HAYYIM ,41,השרון ,41,נתניה ,16,עמק חפר
575,187 ,כפר הס ,KEFAR HESS ,41,השרון ,41,נתניה ,18,לב השרון
576,255 ,כפר חיטים ,KEFAR HITTIM ,22,כנרת ,22,טבריה ,3,הגליל התחתון
577,609 ,כפר חושן ,KEFAR HOSHEN ,21,צפת ,21,צפת ,2,מרום הגליל
578,388 ,כפר קיש ,KEFAR KISH ,22,כנרת ,22,טבריה ,3,הגליל התחתון
579,98 ,כפר מלל ,KEFAR MALAL ,42,פתח תקווה ,47,כפר סבא ,20,דרום השרון
580,297 ,כפר מסריק ,KEFAR MASARYK ,24,עכו ,24,עכו ,4,מטה אשר
581,1095 ,כפר מימון ,KEFAR MAYMON ,62,באר שבע ,62,באר שבע ,39,שדות נגב
582,274 ,כפר מנחם ,KEFAR MENAHEM ,61,אשקלון ,61,אשקלון ,35,יואב
583,387 ,כפר מונש ,KEFAR MONASH ,41,השרון ,41,נתניה ,16,עמק חפר
584,764 ,כפר מרדכי ,KEFAR MORDEKHAY ,44,רחובות ,44,רחובות ,32,גדרות
585,316 ,כפר נטר ,KEFAR NETTER ,41,השרון ,41,נתניה ,19,חוף השרון
586,189 ,כפר פינס ,KEFAR PINES ,32,חדרה ,32,חדרה ,14,מנשה
587,579 ,כפר ראש הנקרה ,KEFAR ROSH HANIQRA ,24,עכו ,24,עכו ,4,מטה אשר
588,1130 ,כפר רוזנואלד (זרעית) ,KEFAR ROZENWALD(ZAR. ,24,עכו ,24,עכו ,52,מעלה יוסף
589,295 ,כפר רופין ,KEFAR RUPPIN ,23,עפולה ,23,עפולה ,7,עמק המעיינות
590,1166 ,כפר רות ,KEFAR RUT ,43,רמלה ,43,רמלה ,25,חבל מודיעין
591,6900 ,כפר סבא ,KEFAR SAVA ,42,פתח תקווה ,47,כפר סבא ,0,
592,605 ,כפר שמאי ,KEFAR SHAMMAY ,21,צפת ,21,צפת ,2,מרום הגליל
593,267 ,כפר שמריהו ,KEFAR SHEMARYAHU ,51,תל אביב ,57,הרצליה ,0,
594,743 ,כפר שמואל ,KEFAR SHEMU'EL ,43,רמלה ,43,רמלה ,30,גזר
595,107 ,כפר סילבר ,KEFAR SILVER ,61,אשקלון ,61,אשקלון ,36,חוף אשקלון
596,249 ,כפר סירקין ,KEFAR SIRKIN ,42,פתח תקווה ,42,פתח תקוה ,20,דרום השרון
597,345 ,כפר סאלד ,KEFAR SZOLD ,21,צפת ,21,צפת ,1,הגליל העליון
598,3572 ,כפר תפוח ,KEFAR TAPPUAH ,73,טול כרם ,48,אריאל ,72,שומרון
599,47 ,כפר תבור ,KEFAR TAVOR ,22,כנרת ,22,טבריה ,0,
600,673 ,כפר טרומן ,KEFAR TRUMAN ,43,רמלה ,43,רמלה ,25,חבל מודיעין
601,364 ,כפר אוריה ,KEFAR URIYYA ,11,ירושלים ,13,בית שמש ,26,מטה יהודה
602,190 ,כפר ויתקין ,KEFAR VITKIN ,41,השרון ,41,נתניה ,16,עמק חפר
603,320 ,כפר ורבורג ,KEFAR WARBURG ,61,אשקלון ,61,אשקלון ,33,באר טוביה
604,1263 ,כפר ורדים ,KEFAR WERADIM ,24,עכו ,24,עכו ,0,
605,170 ,כפר יעבץ ,KEFAR YA'BEZ ,41,השרון ,41,נתניה ,18,לב השרון
606,85 ,כפר יחזקאל ,KEFAR YEHEZQEL ,23,עפולה ,23,עפולה ,8,הגלבוע
607,140 ,כפר יהושע ,KEFAR YEHOSHUA ,23,עפולה ,23,עפולה ,9,עמק יזרעאל
608,168 ,כפר יונה ,KEFAR YONA ,41,השרון ,41,נתניה ,0,
609,786 ,כפר זיתים ,KEFAR ZETIM ,22,כנרת ,22,טבריה ,3,הגליל התחתון
610,1325 ,כפר זוהרים ,KEFAR ZOHARIM ,11,ירושלים ,13,בית שמש ,26,מטה יהודה
611,1183 ,כליל ,KELIL ,24,עכו ,24,עכו ,4,מטה אשר
612,1291 ,כמהין ,KEMEHIN ,62,באר שבע ,62,באר שבע ,48,רמת נגב
613,1198 ,כרמים ,KERAMIM ,62,באר שבע ,62,באר שבע ,41,בני שמעון
614,88 ,כרם בן שמן ,KEREM BEN SHEMEN ,43,רמלה ,43,רמלה ,25,חבל מודיעין
615,664 ,כרם בן זמרה ,KEREM BEN ZIMRA ,21,צפת ,21,צפת ,2,מרום הגליל
616,1094 ,כרם ביבנה (ישיבה) ,KEREM BEYAVNE ,44,רחובות ,44,רחובות ,29,חבל יבנה
617,580 ,כרם מהרל ,KEREM MAHARAL ,32,חדרה ,32,חדרה ,15,חוף הכרמל
618,3889 ,כרם רעים ,KEREM RE'IM ,74,ראמאללה ,11,ירושלים ,73,מטה בנימין
619,1085 ,כרם שלום ,KEREM SHALOM ,62,באר שבע ,62,באר שבע ,38,אשכול
620,859 ,כסלון ,KESALON ,11,ירושלים ,13,בית שמש ,26,מטה יהודה
621,986 ,ח'ואלד (שבט) ,KHAWALED ,25,נצרת ,31,חיפה ,12,זבולון
622,1321 ,ח'ואלד ,KHAWALED ,31,חיפה ,31,חיפה ,12,זבולון
623,63 ,כנרת (מושבה) ,KINNERET(MOSHAVA) ,22,כנרת ,22,טבריה ,6,עמק הירדן
624,57 ,כנרת (קבוצה) ,KINNERET(QEVUZA) ,22,כנרת ,22,טבריה ,6,עמק הירדן
625,1153 ,כישור ,KISHOR ,24,עכו ,20,כרמיאל ,56,משגב
626,1296 ,כסרא-סמיע ,KISRA-SUMEI ,24,עכו ,24,עכו ,0,
627,840 ,כיסופים ,KISSUFIM ,62,באר שבע ,62,באר שבע ,38,אשכול
628,1224 ,כוכב יאיר-צור יגאל ,KOCHAV YAIR TSUR YI ,42,פתח תקווה ,47,כפר סבא ,0,
629,1367 ,כחלה ,KOCHLEA ,62,באר שבע ,62,באר שבע ,69,אל קסום
630,3564 ,כוכב השחר ,KOKHAV HASHAHAR ,74,ראמאללה ,11,ירושלים ,73,מטה בנימין
631,824 ,כוכב מיכאל ,KOKHAV MIKHA'EL ,61,אשקלון ,61,אשקלון ,36,חוף אשקלון
632,3779 ,כוכב יעקב ,KOKHAV YA'AQOV ,74,ראמאללה ,11,ירושלים ,73,מטה בנימין
633,1252 ,כורזים ,KORAZIM ,21,צפת ,21,צפת ,55,מבואות החרמון
634,1059 ,כסיפה ,KUSEIFE ,62,באר שבע ,62,באר שבע ,0,
635,2023 ,להב ,LAHAV ,62,באר שבע ,62,באר שבע ,41,בני שמעון
636,380 ,להבות הבשן ,LAHAVOT HABASHAN ,21,צפת ,21,צפת ,1,הגליל העליון
637,715 ,להבות חביבה ,LAHAVOT HAVIVA ,32,חדרה ,32,חדרה ,14,מנשה
638,24 ,לכיש ,LAKHISH ,61,אשקלון ,61,אשקלון ,50,לכיש
639,1310 ,לפיד ,LAPPID ,43,רמלה ,43,רמלה ,25,חבל מודיעין
640,1173 ,לפידות ,LAPPIDOT ,24,עכו ,24,עכו ,52,מעלה יוסף
641,1060 ,לקיה ,LAQYE ,62,באר שבע ,62,באר שבע ,0,
642,585 ,לביא ,LAVI ,22,כנרת ,22,טבריה ,3,הגליל התחתון
643,1207 ,לבון ,LAVON ,24,עכו ,20,כרמיאל ,56,משגב
644,1271 ,להבים ,LEHAVIM ,62,באר שבע ,62,באר שבע ,0,
645,3901 ,לחי ,LEHI ,73,טול כרם ,48,אריאל ,72,שומרון
646,3892 ,לשם ,LESHEM ,73,טול כרם ,48,אריאל ,72,שומרון
647,1114 ,שריגים (לי-און) ,LI-ON ,11,ירושלים ,13,בית שמש ,26,מטה יהודה
648,674 ,לימן ,LIMAN ,24,עכו ,24,עכו ,4,מטה אשר
649,1230 ,לבנים ,LIVNIM ,22,כנרת ,22,טבריה ,2,מרום הגליל
650,7000 ,לוד ,LOD ,43,רמלה ,43,רמלה ,0,
651,595 ,לוחמי הגיטאות ,LOHAME HAGETA'OT ,24,עכו ,24,עכו ,4,מטה אשר
652,1255 ,לוטן ,LOTAN ,62,באר שבע ,63,אילת ,53,חבל אילות
653,1171 ,לוטם ,LOTEM ,24,עכו ,20,כרמיאל ,56,משגב
654,52 ,לוזית ,LUZIT ,11,ירושלים ,13,בית שמש ,26,מטה יהודה
655,678 ,מעגן ,MA'AGAN ,22,כנרת ,22,טבריה ,6,עמק הירדן
656,694 ,מעגן מיכאל ,MA'AGAN MIKHA'EL ,32,חדרה ,32,חדרה ,15,חוף הכרמל
657,3616 ,מעלה אדומים ,MA'ALE ADUMMIM ,76,בית לחם ,11,ירושלים ,0,
658,3653 ,מעלה עמוס ,MA'ALE AMOS ,76,בית לחם ,11,ירושלים ,76,גוש עציון
659,3608 ,מעלה אפרים ,MA'ALE EFRAYIM ,75,ירדן )יריחו( ,23,עפולה ,0,
660,4008 ,מעלה גמלא ,MA'ALE GAMLA ,29,גולן ,22,טבריה ,71,גולן
661,1127 ,מעלה גלבוע ,MA'ALE GILBOA ,23,עפולה ,23,עפולה ,7,עמק המעיינות
662,286 ,מעלה החמישה ,MA'ALE HAHAMISHA ,11,ירושלים ,13,בית שמש ,26,מטה יהודה
663,1327 ,מעלה עירון ,MA'ALE IRON ,32,חדרה ,23,עפולה ,0,
664,3752 ,מעלה לבונה ,MA'ALE LEVONA ,74,ראמאללה ,48,אריאל ,73,מטה בנימין
665,3651 ,מעלה מכמש ,MA'ALE MIKHMAS ,74,ראמאללה ,11,ירושלים ,73,מטה בנימין
666,1063 ,מעלות-תרשיחא ,MA'ALOT-TARSHIHA ,24,עכו ,24,עכו ,0,
667,344 ,מענית ,MA'ANIT ,32,חדרה ,32,חדרה ,14,מנשה
668,230 ,מעש ,MA'AS ,42,פתח תקווה ,42,פתח תקוה ,20,דרום השרון
669,197 ,מעברות ,MA'BAROT ,41,השרון ,41,נתניה ,16,עמק חפר
670,1082 ,מעגלים ,MA'GALIM ,62,באר שבע ,62,באר שבע ,39,שדות נגב
671,3657 ,מעון ,MA'ON ,77,חברון ,11,ירושלים ,78,הר חברון
672,2055 ,מאור ,MA'OR ,32,חדרה ,32,חדרה ,14,מנשה
673,3879 ,מעוז ,MA'OZ ,71,ג'נין ,32,חדרה ,72,שומרון
674,272 ,מעוז חיים ,MA'OZ HAYYIM ,23,עפולה ,23,עפולה ,7,עמק המעיינות
675,416 ,מעין ברוך ,MA'YAN BARUKH ,21,צפת ,21,צפת ,1,הגליל העליון
676,290 ,מעין צבי ,MA'YAN ZEVI ,32,חדרה ,32,חדרה ,15,חוף הכרמל
677,1080 ,מבועים ,MABBU'IM ,62,באר שבע ,62,באר שבע ,42,מרחבים
678,695 ,מגן ,MAGEN ,62,באר שבע ,62,באר שבע ,38,אשכול
679,1155 ,מגן שאול ,MAGEN SHA'UL ,23,עפולה ,23,עפולה ,8,הגלבוע
680,375 ,מגל ,MAGGAL ,32,חדרה ,32,חדרה ,14,מנשה
681,722 ,מגשימים ,MAGSHIMIM ,42,פתח תקווה ,42,פתח תקוה ,20,דרום השרון
682,308 ,מחניים ,MAHANAYIM ,21,צפת ,21,צפת ,1,הגליל העליון
683,1262 ,צוקים ,MAHANE BILDAD ,62,באר שבע ,62,באר שבע ,54,הערבה התיכונה
684,1411 ,מחנה הילה ,MAHANE HILLA ,44,רחובות ,46,ראשון לציון ,27,גן רווה
685,1414 ,מחנה מרים ,MAHANE MIRYAM ,61,אשקלון ,61,אשקלון ,33,באר טוביה
686,1418 ,מחנה טלי ,MAHANE TALI ,62,באר שבע ,62,באר שבע ,48,רמת נגב
687,1412 ,מחנה תל נוף ,MAHANE TEL NOF ,44,רחובות ,44,רחובות ,28,ברנר
688,1415 ,מחנה יפה ,MAHANE YAFA ,62,באר שבע ,62,באר שבע ,42,מרחבים
689,1196 ,מחנה יתיר ,MAHANE YATTIR ,62,באר שבע ,62,באר שבע ,0,
690,1413 ,מחנה יהודית ,MAHANE YEHUDIT ,23,עפולה ,23,עפולה ,9,עמק יזרעאל
691,1416 ,מחנה יוכבד ,MAHANE YOKHVED ,62,באר שבע ,63,אילת ,53,חבל אילות
692,776 ,מחסיה ,MAHSEYA ,11,ירושלים ,13,בית שמש ,26,מטה יהודה
693,516 ,מג'ד אל-כרום ,MAJD AL-KURUM ,24,עכו ,24,עכו ,0,
694,4201 ,מג'דל שמס ,MAJDAL SHAMS ,29,גולן ,21,צפת ,0,
695,1343 ,מכחול ,MAKCHUL ,62,באר שבע ,62,באר שבע ,69,אל קסום
696,596 ,מלכיה ,MALKIYYA ,21,צפת ,21,צפת ,1,הגליל העליון
697,1174 ,מנוף ,MANOF ,24,עכו ,20,כרמיאל ,56,משגב
698,1205 ,מנות ,MANOT ,24,עכו ,24,עכו ,52,מעלה יוסף
699,994 ,מנשית זבדה ,MANSHIYYET ZABDA ,25,נצרת ,23,עפולה ,9,עמק יזרעאל
700,843 ,מרגליות ,MARGALIYYOT ,21,צפת ,21,צפת ,55,מבואות החרמון
701,4203 ,מסעדה ,MAS'ADE ,29,גולן ,21,צפת ,0,
702,939 ,מסעודין אל-עזאזמה ,MAS'UDIN AL-'AZAZME ,62,באר שבע ,62,באר שבע ,0,
703,421 ,משאבי שדה ,MASH'ABBE SADE ,62,באר שבע ,62,באר שבע ,48,רמת נגב
704,791 ,משען ,MASH'EN ,61,אשקלון ,61,אשקלון ,36,חוף אשקלון
705,3785 ,משכיות ,MASKIYYOT ,75,ירדן )יריחו( ,11,ירושלים ,75,ערבות הירדן
706,748 ,מסלול ,MASLUL ,62,באר שבע ,62,באר שבע ,42,מרחבים
707,1258 ,מסד ,MASSAD ,22,כנרת ,22,טבריה ,3,הגליל התחתון
708,263 ,מסדה ,MASSADA ,22,כנרת ,22,טבריה ,6,עמק הירדן
709,3605 ,משואה ,MASSU'A ,75,ירדן )יריחו( ,23,עפולה ,75,ערבות הירדן
710,620 ,משואות יצחק ,MASSUOT YIZHAQ ,61,אשקלון ,61,אשקלון ,34,שפיר
711,822 ,מטע ,MATTA ,11,ירושלים ,13,בית שמש ,26,מטה יהודה
712,1315 ,מתן ,MATTAN ,42,פתח תקווה ,42,פתח תקוה ,20,דרום השרון
713,1184 ,מתת ,MATTAT ,24,עכו ,24,עכו ,52,מעלה יוסף
714,3648 ,מתתיהו ,MATTITYAHU ,74,ראמאללה ,11,ירושלים ,73,מטה בנימין
715,573 ,מבקיעים ,MAVQI'IM ,61,אשקלון ,61,אשקלון ,36,חוף אשקלון
716,28 ,מזכרת בתיה ,MAZKERET BATYA ,44,רחובות ,44,רחובות ,0,
717,757 ,מצליח ,MAZLIAH ,43,רמלה ,43,רמלה ,30,גזר
718,606 ,מזור ,MAZOR ,42,פתח תקווה ,42,פתח תקוה ,25,חבל מודיעין
719,517 ,מזרעה ,MAZRA'A ,24,עכו ,24,עכו ,0,
720,325 ,מצובה ,MAZZUVA ,24,עכו ,24,עכו ,4,מטה אשר
721,1128 ,מי עמי ,ME AMMI ,32,חדרה ,32,חדרה ,14,מנשה
722,102 ,מאיר שפיה ,ME'IR SHEFEYA ,32,חדרה ,32,חדרה ,15,חוף הכרמל
723,570 ,מעונה ,ME'ONA ,24,עכו ,24,עכו ,52,מעלה יוסף
724,668 ,מפלסים ,MEFALLESIM ,61,אשקלון ,61,אשקלון ,37,שער הנגב
725,689 ,מגדים ,MEGADIM ,32,חדרה ,32,חדרה ,15,חוף הכרמל
726,586 ,מגידו ,MEGIDDO ,23,עפולה ,23,עפולה ,13,מגידו
727,3599 ,מחולה ,MEHOLA ,75,ירדן )יריחו( ,23,עפולה ,75,ערבות הירדן
728,649 ,מייסר ,MEISER ,32,חדרה ,32,חדרה ,14,מנשה
729,3614 ,מכורה ,MEKHORA ,75,ירדן )יריחו( ,23,עפולה ,75,ערבות הירדן
730,164 ,מלאה ,MELE'A ,23,עפולה ,23,עפולה ,8,הגלבוע
731,2044 ,מלילות ,MELILOT ,62,באר שבע ,62,באר שבע ,39,שדות נגב
732,48 ,מנחמיה ,MENAHEMYA ,22,כנרת ,22,טבריה ,7,עמק המעיינות
733,347 ,מנרה ,MENNARA ,21,צפת ,21,צפת ,1,הגליל העליון
734,2030 ,מנוחה ,MENUHA ,61,אשקלון ,61,אשקלון ,50,לכיש
735,1282 ,מירב ,MERAV ,23,עפולה ,23,עפולה ,7,עמק המעיינות
736,1340 ,מרחב עם ,MERHAV AM ,62,באר שבע ,62,באר שבע ,48,רמת נגב
737,97 ,מרחביה (מושב) ,MERHAVYA(MOSHAV) ,23,עפולה ,23,עפולה ,9,עמק יזרעאל
738,66 ,מרחביה (קיבוץ) ,MERHAVYA(QIBBUZ) ,23,עפולה ,23,עפולה ,9,עמק יזרעאל
739,1098 ,מרכז שפירא ,MERKAZ SHAPPIRA ,61,אשקלון ,61,אשקלון ,34,שפיר
740,4101 ,מרום גולן ,MEROM GOLAN ,29,גולן ,21,צפת ,71,גולן
741,607 ,מירון ,MERON ,21,צפת ,21,צפת ,2,מרום הגליל
742,731 ,מישר ,MESHAR ,44,רחובות ,44,רחובות ,32,גדרות
743,520 ,משהד ,MESHHED ,25,נצרת ,25,נוף הגליל ,0,
744,742 ,מסילת ציון ,MESILLAT ZIYYON ,11,ירושלים ,13,בית שמש ,26,מטה יהודה
745,298 ,מסילות ,MESILLOT ,23,עפולה ,23,עפולה ,7,עמק המעיינות
746,1154 ,מיטל ,METAL ,23,עפולה ,23,עפולה ,7,עמק המעיינות
747,1268 ,מיתר ,METAR ,62,באר שבע ,62,באר שבע ,0,
748,2054 ,מיטב ,METAV ,23,עפולה ,23,עפולה ,8,הגלבוע
749,3903 ,מצוקי ארץ ,METSUKE ERETS ,75,ירדן )יריחו( ,11,ירושלים ,73,מטה בנימין
750,43 ,מטולה ,METULA ,21,צפת ,21,צפת ,0,
751,1015 ,מבשרת ציון ,MEVASSERET ZIYYON ,11,ירושלים ,11,ירושלים ,0,
752,771 ,מבוא ביתר ,MEVO BETAR ,11,ירושלים ,11,ירושלים ,26,מטה יהודה
753,3569 ,מבוא דותן ,MEVO DOTAN ,71,ג'נין ,32,חדרה ,72,שומרון
754,4204 ,מבוא חמה ,MEVO HAMMA ,29,גולן ,22,טבריה ,71,גולן
755,3709 ,מבוא חורון ,MEVO HORON ,74,ראמאללה ,43,רמלה ,73,מטה בנימין
756,1141 ,מבוא מודיעים ,MEVO MODI'IM ,43,רמלה ,43,רמלה ,25,חבל מודיעין
757,1318 ,מבואות ים ,MEVO'OT YAM ,41,השרון ,41,נתניה ,16,עמק חפר
758,3825 ,מבואות יריחו ,MEVO'OT YERIHO ,75,ירדן )יריחו( ,11,ירושלים ,75,ערבות הירדן
759,4019 ,מיצר ,MEZAR ,29,גולן ,22,טבריה ,71,גולן
760,648 ,מצר ,MEZER ,32,חדרה ,32,חדרה ,14,מנשה
761,518 ,מעיליא ,MI'ELYA ,24,עכו ,24,עכו ,0,
762,2029 ,מדרך עוז ,MIDRAKH OZ ,23,עפולה ,23,עפולה ,13,מגידו
763,1140 ,מדרשת בן גוריון ,MIDRESHET BEN GURION ,62,באר שבע ,62,באר שבע ,48,רמת נגב
764,897 ,מדרשת רופין ,MIDRESHET RUPPIN ,41,השרון ,41,נתניה ,16,עמק חפר
765,65 ,מגדל ,MIGDAL ,22,כנרת ,22,טבריה ,0,
766,874 ,מגדל העמק ,MIGDAL HAEMEQ ,23,עפולה ,23,עפולה ,0,
767,3561 ,מגדל עוז ,MIGDAL OZ ,76,בית לחם ,11,ירושלים ,76,גוש עציון
768,3751 ,מגדלים ,MIGDALIM ,72,שכם ,48,אריאל ,72,שומרון
769,3871 ,מגרון ,MIGRON ,74,ראמאללה ,11,ירושלים ,73,מטה בנימין
770,1202 ,מכמנים ,MIKHMANNIM ,24,עכו ,20,כרמיאל ,56,משגב
771,382 ,מכמורת ,MIKHMORET ,41,השרון ,41,נתניה ,16,עמק חפר
772,22 ,מקווה ישראל ,MIQWE YISRA'EL ,53,חולון ,53,חולון ,0,
773,378 ,משגב עם ,MISGAV AM ,21,צפת ,21,צפת ,1,הגליל העליון
774,765 ,משגב דב ,MISGAV DOV ,44,רחובות ,44,רחובות ,32,גדרות
775,670 ,משמר איילון ,MISHMAR AYYALON ,43,רמלה ,43,רמלה ,30,גזר
776,563 ,משמר דוד ,MISHMAR DAWID ,43,רמלה ,43,רמלה ,30,גזר
777,130 ,משמר העמק ,MISHMAR HAEMEQ ,23,עפולה ,23,עפולה ,13,מגידו
778,395 ,משמר הנגב ,MISHMAR HANEGEV ,62,באר שבע ,62,באר שבע ,41,בני שמעון
779,194 ,משמר השרון ,MISHMAR HASHARON ,41,השרון ,41,נתניה ,16,עמק חפר
780,729 ,משמר השבעה ,MISHMAR HASHIV'A ,43,רמלה ,43,רמלה ,40,שדות דן
781,732 ,משמר הירדן ,MISHMAR HAYARDEN ,21,צפת ,21,צפת ,55,מבואות החרמון
782,3865 ,משמר יהודה ,MISHMAR YEHUDA ,76,בית לחם ,11,ירושלים ,76,גוש עציון
783,213 ,משמרות ,MISHMAROT ,32,חדרה ,32,חדרה ,14,מנשה
784,425 ,משמרת ,MISHMERET ,41,השרון ,41,נתניה ,18,לב השרון
785,1370 ,מצפה אילן ,MITSPE ILAN ,32,חדרה ,32,חדרה ,14,מנשה
786,3899 ,מצפה זיף ,MITSPE ZIF ,77,חברון ,11,ירושלים ,78,הר חברון
787,829 ,מבטחים ,MIVTAHIM ,62,באר שבע ,62,באר שבע ,38,אשכול
788,58 ,מצפה ,MIZPA ,22,כנרת ,22,טבריה ,3,הגליל התחתון
789,1222 ,מצפה אביב ,MIZPE AVIV ,24,עכו ,20,כרמיאל ,56,משגב
790,1190 ,מצפה נטופה ,MIZPE NETOFA ,23,עפולה ,23,עפולה ,3,הגליל התחתון
791,99 ,מצפה רמון ,MIZPE RAMON ,62,באר שבע ,62,באר שבע ,0,
792,3610 ,מצפה שלם ,MIZPE SHALEM ,75,ירדן )יריחו( ,11,ירושלים ,74,מגילות ים המלח
793,3576 ,מצפה יריחו ,MIZPE YERIHO ,75,ירדן )יריחו( ,11,ירושלים ,73,מטה בנימין
794,104 ,מזרע ,MIZRA ,23,עפולה ,23,עפולה ,9,עמק יזרעאל
795,3797 ,מודיעין עילית ,MODI'IN ILLIT ,74,ראמאללה ,11,ירושלים ,0,
796,1200 ,מודיעין-מכבים-רעות ,MODI'IN-MAKKABBIM-RE ,43,רמלה ,43,רמלה ,0,
797,269 ,מולדת ,MOLEDET ,23,עפולה ,23,עפולה ,8,הגלבוע
798,1163 ,מורן ,MORAN ,24,עכו ,20,כרמיאל ,56,משגב
799,1178 ,מורשת ,MORESHET ,24,עכו ,20,כרמיאל ,56,משגב
800,208 ,מוצא עילית ,MOZA ILLIT ,11,ירושלים ,11,ירושלים ,26,מטה יהודה
801,481 ,מגאר ,MUGHAR ,22,כנרת ,22,טבריה ,0,
802,635 ,מוקייבלה ,MUQEIBLE ,23,עפולה ,23,עפולה ,8,הגלבוע
803,3787 ,נעלה ,NA'ALE ,74,ראמאללה ,11,ירושלים ,73,מטה בנימין
804,158 ,נען ,NA'AN ,43,רמלה ,43,רמלה ,30,גזר
805,3620 ,נערן ,NA'ARAN ,75,ירדן )יריחו( ,23,עפולה ,75,ערבות הירדן
806,524 ,נאעורה ,NA'URA ,23,עפולה ,23,עפולה ,8,הגלבוע
807,3713 ,נעמה ,NAAMA ,75,ירדן )יריחו( ,11,ירושלים ,75,ערבות הירדן
808,1276 ,אשבל ,NAHAL ESHBAL ,24,עכו ,20,כרמיאל ,56,משגב
809,3646 ,חמדת ,NAHAL HEMDAT ,75,ירדן )יריחו( ,23,עפולה ,75,ערבות הירדן
810,844 ,נחל עוז ,NAHAL OZ ,61,אשקלון ,61,אשקלון ,37,שער הנגב
811,1267 ,שיטים ,NAHAL SHITTIM ,62,באר שבע ,63,אילת ,53,חבל אילות
812,2045 ,נחלה ,NAHALA ,61,אשקלון ,61,אשקלון ,35,יואב
813,80 ,נהלל ,NAHALAL ,23,עפולה ,23,עפולה ,9,עמק יזרעאל
814,3767 ,נחליאל ,NAHALI'EL ,74,ראמאללה ,11,ירושלים ,73,מטה בנימין
815,809 ,נחם ,NAHAM ,11,ירושלים ,13,בית שמש ,26,מטה יהודה
816,9100 ,נהריה ,NAHARIYYA ,24,עכו ,24,עכו ,0,
817,522 ,נחף ,NAHEF ,24,עכו ,20,כרמיאל ,0,
818,433 ,נחשולים ,NAHSHOLIM ,32,חדרה ,32,חדרה ,15,חוף הכרמל
819,777 ,נחשון ,NAHSHON ,11,ירושלים ,13,בית שמש ,26,מטה יהודה
820,705 ,נחשונים ,NAHSHONIM ,42,פתח תקווה ,42,פתח תקוה ,20,דרום השרון
821,1041 ,נצאצרה (שבט) ,NASASRA ,62,באר שבע ,62,באר שבע ,0,
822,1254 ,נטף ,NATAF ,11,ירושלים ,13,בית שמש ,26,מטה יהודה
823,4014 ,נטור ,NATUR ,29,גולן ,22,טבריה ,71,גולן
824,1366 ,נווה ,NAVE ,62,באר שבע ,62,באר שבע ,38,אשכול
825,7300 ,נצרת ,NAZARETH ,25,נצרת ,25,נוף הגליל ,0,
826,4551 ,נאות גולן ,NE'OT GOLAN ,29,גולן ,22,טבריה ,71,גולן
827,1124 ,נאות הכיכר ,NE'OT HAKIKKAR ,62,באר שבע ,62,באר שבע ,51,תמר
828,408 ,נאות מרדכי ,NE'OT MORDEKHAY ,21,צפת ,21,צפת ,1,הגליל העליון
829,186 ,נעורים ,NE'URIM ,41,השרון ,41,נתניה ,16,עמק חפר
830,315 ,נגבה ,NEGBA ,61,אשקלון ,61,אשקלון ,35,יואב
831,3724 ,נגוהות ,NEGOHOT ,77,חברון ,11,ירושלים ,78,הר חברון
832,449 ,נחלים ,NEHALIM ,42,פתח תקווה ,42,פתח תקוה ,25,חבל מודיעין
833,309 ,נהורה ,NEHORA ,61,אשקלון ,61,אשקלון ,50,לכיש
834,59 ,נחושה ,NEHUSHA ,11,ירושלים ,13,בית שמש ,26,מטה יהודה
835,523 ,ניין ,NEIN ,23,עפולה ,23,עפולה ,66,בוסתאן אל-מרג'
836,3890 ,נריה ,NERIYA ,74,ראמאללה ,11,ירושלים ,73,מטה בנימין
837,1143 ,נס עמים ,NES AMMIM ,24,עכו ,24,עכו ,4,מטה אשר
838,825 ,נס הרים ,NES HARIM ,11,ירושלים ,13,בית שמש ,26,מטה יהודה
839,7200 ,נס ציונה ,NES ZIYYONA ,44,רחובות ,44,רחובות ,0,
840,2500 ,נשר ,NESHER ,31,חיפה ,31,חיפה ,0,
841,1369 ,נטע ,NETA ,61,אשקלון ,61,אשקלון ,50,לכיש
842,174 ,נטעים ,NETA'IM ,44,רחובות ,44,רחובות ,27,גן רווה
843,7400 ,נתניה ,NETANYA ,41,השרון ,41,נתניה ,0,
844,1242 ,נתיב העשרה ,NETIV HAASARA ,61,אשקלון ,61,אשקלון ,36,חוף אשקלון
845,3555 ,נתיב הגדוד ,NETIV HAGEDUD ,75,ירדן )יריחו( ,23,עפולה ,75,ערבות הירדן
846,693 ,נתיב הלה ,NETIV HALAMED-HE ,11,ירושלים ,13,בית שמש ,26,מטה יהודה
847,792 ,נתיב השיירה ,NETIV HASHAYYARA ,24,עכו ,24,עכו ,4,מטה אשר
848,246 ,נתיבות ,NETIVOT ,62,באר שבע ,62,באר שבע ,0,
849,1147 ,נטועה ,NETU'A ,24,עכו ,24,עכו ,52,מעלה יוסף
850,396 ,נבטים ,NEVATIM ,62,באר שבע ,62,באר שבע ,41,בני שמעון
851,3877 ,נווה גדיד ,NEVE GADID ,75,ירדן )יריחו( ,23,עפולה ,75,ערבות הירדן
852,3573 ,נוה צוף ,NEVE TSUF ,74,ראמאללה ,11,ירושלים ,73,מטה בנימין
853,4303 ,נווה אטיב ,NEWE ATIV ,29,גולן ,21,צפת ,71,גולן
854,926 ,נווה אבות ,NEWE AVOT ,32,חדרה ,32,חדרה ,0,
855,3725 ,נווה דניאל ,NEWE DANIYYEL ,76,בית לחם ,11,ירושלים ,76,גוש עציון
856,296 ,נווה איתן ,NEWE ETAN ,23,עפולה ,23,עפולה ,7,עמק המעיינות
857,1279 ,נווה חריף ,NEWE HARIF ,62,באר שבע ,63,אילת ,53,חבל אילות
858,405 ,נווה אילן ,NEWE ILAN ,11,ירושלים ,13,בית שמש ,26,מטה יהודה
859,1071 ,נווה מיכאל ,NEWE MIKHA'EL ,11,ירושלים ,13,בית שמש ,26,מטה יהודה
860,827 ,נווה מבטח ,NEWE MIVTAH ,61,אשקלון ,61,אשקלון ,33,באר טוביה
861,1259 ,נווה שלום ,NEWE SHALOM ,11,ירושלים ,13,בית שמש ,26,מטה יהודה
862,590 ,נווה אור ,NEWE UR ,23,עפולה ,23,עפולה ,7,עמק המעיינות
863,312 ,נווה ים ,NEWE YAM ,32,חדרה ,32,חדרה ,15,חוף הכרמל
864,686 ,נווה ימין ,NEWE YAMIN ,42,פתח תקווה ,47,כפר סבא ,20,דרום השרון
865,858 ,נווה ירק ,NEWE YARAQ ,42,פתח תקווה ,42,פתח תקוה ,20,דרום השרון
866,1314 ,נווה זיו ,NEWE ZIV ,24,עכו ,24,עכו ,52,מעלה יוסף
867,1057 ,נווה זוהר ,NEWE ZOHAR ,62,באר שבע ,62,באר שבע ,51,תמר
868,1372 ,נצר חזני ,NEZER HAZZANI ,44,רחובות ,44,רחובות ,31,נחל שורק
869,435 ,נצר סרני ,NEZER SERENI ,43,רמלה ,43,רמלה ,30,גזר
870,3887 ,נזר שומרון ,NEZER SHOMRON ,72,שכם ,48,אריאל ,72,שומרון
871,3655 ,נילי ,NILI ,74,ראמאללה ,43,רמלה ,73,מטה בנימין
872,4035 ,נמרוד ,NIMROD ,29,גולן ,22,טבריה ,71,גולן
873,348 ,ניר עם ,NIR AM ,61,אשקלון ,61,אשקלון ,37,שער הנגב
874,2048 ,ניר עקיבא ,NIR AQIVA ,62,באר שבע ,62,באר שבע ,42,מרחבים
875,553 ,ניר בנים ,NIR BANIM ,61,אשקלון ,61,אשקלון ,33,באר טוביה
876,256 ,ניר דוד (תל עמל) ,NIR DAWID (TEL AMAL) ,23,עפולה ,23,עפולה ,7,עמק המעיינות
877,808 ,ניר אליהו ,NIR ELIYYAHU ,42,פתח תקווה ,47,כפר סבא ,20,דרום השרון
878,769 ,ניר עציון ,NIR EZYON ,32,חדרה ,32,חדרה ,15,חוף הכרמל
879,720 ,ניר גלים ,NIR GALLIM ,44,רחובות ,44,רחובות ,29,חבל יבנה
880,11 ,ניר חן ,NIR HEN ,61,אשקלון ,61,אשקלון ,50,לכיש
881,2047 ,ניר משה ,NIR MOSHE ,62,באר שבע ,62,באר שבע ,42,מרחבים
882,69 ,ניר עוז ,NIR OZ ,62,באר שבע ,62,באר שבע ,38,אשכול
883,165 ,ניר יפה ,NIR YAFE ,23,עפולה ,23,עפולה ,8,הגלבוע
884,699 ,ניר ישראל ,NIR YISRA'EL ,61,אשקלון ,61,אשקלון ,36,חוף אשקלון
885,402 ,ניר יצחק ,NIR YIZHAQ ,62,באר שבע ,62,באר שבע ,38,אשכול
886,331 ,ניר צבי ,NIR ZEVI ,43,רמלה ,43,רמלה ,40,שדות דן
887,602 ,נירים ,NIRIM ,62,באר שבע ,62,באר שבע ,38,אשכול
888,1236 ,נירית ,NIRIT ,42,פתח תקווה ,349,ראש העין ,20,דרום השרון
889,351 ,ניצן ,NIZZAN ,61,אשקלון ,61,אשקלון ,36,חוף אשקלון
890,1419 ,ניצן ב' ,NIZZAN B ,61,אשקלון ,61,אשקלון ,36,חוף אשקלון
891,1195 ,ניצנה (קהילת חינוך) ,NIZZANA (QEHILAT HIN ,62,באר שבע ,62,באר שבע ,48,רמת נגב
892,851 ,ניצני עוז ,NIZZANE OZ ,41,השרון ,41,נתניה ,18,לב השרון
893,1280 ,ניצני סיני ,NIZZANE SINAY ,62,באר שבע ,62,באר שבע ,48,רמת נגב
894,359 ,ניצנים ,NIZZANIM ,61,אשקלון ,61,אשקלון ,36,חוף אשקלון
895,15 ,נועם ,NO'AM ,61,אשקלון ,61,אשקלון ,34,שפיר
896,1333 ,נוף איילון ,NOF AYYALON ,43,רמלה ,43,רמלה ,30,גזר
897,1061 ,נוף הגליל ,NOF HAGALIL ,25,נצרת ,25,נוף הגליל ,0,
898,3876 ,נופי פרת ,NOFE PRAT ,74,ראמאללה ,11,ירושלים ,73,מטה בנימין
899,257 ,נופך ,NOFEKH ,42,פתח תקווה ,42,פתח תקוה ,25,חבל מודיעין
900,3790 ,נופים ,NOFIM ,73,טול כרם ,48,אריאל ,72,שומרון
901,1284 ,נופית ,NOFIT ,31,חיפה ,31,חיפה ,12,זבולון
902,55 ,נוגה ,NOGAH ,61,אשקלון ,61,אשקלון ,50,לכיש
903,3726 ,נוקדים ,NOQEDIM ,76,בית לחם ,11,ירושלים ,76,גוש עציון
904,447 ,נורדיה ,NORDIYYA ,41,השרון ,41,נתניה ,18,לב השרון
905,4304 ,נוב ,NOV ,29,גולן ,22,טבריה ,71,גולן
906,833 ,נורית ,NURIT ,23,עפולה ,23,עפולה ,8,הגלבוע
907,4010 ,אודם ,ODEM ,29,גולן ,21,צפת ,71,גולן
908,31 ,אופקים ,OFAQIM ,62,באר שבע ,62,באר שבע ,0,
909,810 ,עופר ,OFER ,32,חדרה ,32,חדרה ,15,חוף הכרמל
910,3617 ,עופרה ,OFRA ,74,ראמאללה ,11,ירושלים ,73,מטה בנימין
911,1046 ,אוהד ,OHAD ,62,באר שבע ,62,באר שבע ,38,אשכול
912,737 ,עולש ,OLESH ,41,השרון ,41,נתניה ,16,עמק חפר
913,1108 ,אומן ,OMEN ,23,עפולה ,23,עפולה ,8,הגלבוע
914,666 ,עומר ,OMER ,62,באר שבע ,62,באר שבע ,0,
915,680 ,אומץ ,OMEZ ,41,השרון ,41,נתניה ,16,עמק חפר
916,1020 ,אור עקיבא ,OR AQIVA ,32,חדרה ,32,חדרה ,0,
917,1294 ,אור הגנוז ,OR HAGANUZ ,21,צפת ,21,צפת ,2,מרום הגליל
918,67 ,אור הנר ,OR HANER ,61,אשקלון ,61,אשקלון ,37,שער הנגב
919,2400 ,אור יהודה ,OR YEHUDA ,52,רמת גן ,52,רמת גן ,0,
920,780 ,אורה ,ORA ,11,ירושלים ,11,ירושלים ,26,מטה יהודה
921,882 ,אורנים ,ORANIM ,31,חיפה ,31,חיפה ,12,זבולון
922,3760 ,אורנית ,ORANIT ,73,טול כרם ,349,ראש העין ,0,
923,2012 ,אורות ,OROT ,61,אשקלון ,61,אשקלון ,33,באר טוביה
924,4013 ,אורטל ,ORTAL ,29,גולן ,22,טבריה ,71,גולן
925,3748 ,עתניאל ,OTNI'EL ,77,חברון ,11,ירושלים ,78,הר חברון
926,3786 ,אובנת ,OVNAT ,75,ירדן )יריחו( ,11,ירושלים ,74,מגילות ים המלח
927,32 ,עוצם ,OZEM ,61,אשקלון ,61,אשקלון ,50,לכיש
928,2059 ,פעמי תשז ,PA'AME TASHAZ ,62,באר שבע ,62,באר שבע ,42,מרחבים
929,597 ,פלמחים ,PALMAHIM ,44,רחובות ,44,רחובות ,27,גן רווה
930,1151 ,פארן ,PARAN ,62,באר שבע ,63,אילת ,54,הערבה התיכונה
931,3894 ,פרשים ,PARASHIM ,71,ג'נין ,32,חדרה ,72,שומרון
932,7800 ,פרדס חנה-כרכור ,PARDES HANNA-KARKUR ,32,חדרה ,32,חדרה ,0,
933,171 ,פרדסיה ,PARDESIYYA ,41,השרון ,41,נתניה ,0,
934,599 ,פרוד ,PAROD ,21,צפת ,21,צפת ,2,מרום הגליל
935,749 ,פטיש ,PATTISH ,62,באר שבע ,62,באר שבע ,42,מרחבים
936,838 ,פדיה ,PEDAYA ,43,רמלה ,43,רמלה ,30,גזר
937,3768 ,פדואל ,PEDU'EL ,73,טול כרם ,48,אריאל ,72,שומרון
938,750 ,פדויים ,PEDUYIM ,62,באר שבע ,62,באר שבע ,42,מרחבים
939,1185 ,פלך ,PELEKH ,24,עכו ,20,כרמיאל ,56,משגב
940,3723 ,פני חבר ,PENE HEVER ,77,חברון ,11,ירושלים ,78,הר חברון
941,536 ,פקיעין (בוקייעה) ,PEQI'IN (BUQEI'A) ,24,עכו ,24,עכו ,0,
942,281 ,פקיעין חדשה ,PEQI'IN HADASHA ,24,עכו ,24,עכו ,52,מעלה יוסף
943,2053 ,פרזון ,PERAZON ,23,עפולה ,23,עפולה ,8,הגלבוע
944,1231 ,פרי גן ,PERI GAN ,62,באר שבע ,62,באר שבע ,38,אשכול
945,3659 ,פסגות ,PESAGOT ,74,ראמאללה ,11,ירושלים ,73,מטה בנימין
946,7900 ,פתח תקווה ,PETAH TIQWA ,42,פתח תקווה ,42,פתח תקוה ,0,
947,839 ,פתחיה ,PETAHYA ,43,רמלה ,43,רמלה ,30,גזר
948,3615 ,פצאל ,PEZA'EL ,75,ירדן )יריחו( ,23,עפולה ,75,ערבות הירדן
949,767 ,פורת ,PORAT ,41,השרון ,41,נתניה ,18,לב השרון
950,1313 ,פוריה עילית ,PORIYYA ILLIT ,22,כנרת ,22,טבריה ,6,עמק הירדן
951,1104 ,פוריה - כפר עבודה ,PORIYYA-KEFAR AVODA ,22,כנרת ,22,טבריה ,6,עמק הירדן
952,1105 ,פוריה - נווה עובד ,PORIYYA-NEWE OVED ,22,כנרת ,22,טבריה ,6,עמק הירדן
953,4029 ,רמת הנשיא טראמפ ,PRESIDENT TRUMP HEI ,29,גולן ,22,טבריה ,71,גולן
954,1234 ,קבועה (שבט) ,QABBO'A ,62,באר שבע ,62,באר שבע ,0,
955,1211 ,קדרים ,QADDARIM ,22,כנרת ,22,טבריה ,1,הגליל העליון
956,195 ,קדימה-צורן ,QADIMA-ZORAN ,41,השרון ,41,נתניה ,0,
957,638 ,קלנסווה ,QALANSAWE ,41,השרון ,41,נתניה ,0,
958,3601 ,קליה ,QALYA ,75,ירדן )יריחו( ,11,ירושלים ,74,מגילות ים המלח
959,3640 ,קרני שומרון ,QARNE SHOMERON ,73,טול כרם ,48,אריאל ,0,
960,972 ,קוואעין (שבט) ,QAWA'IN ,62,באר שבע ,62,באר שבע ,0,
961,1243 ,קציר ,QAZIR ,32,חדרה ,32,חדרה ,14,מנשה
962,4100 ,קצרין ,QAZRIN ,29,גולן ,22,טבריה ,0,
963,3781 ,קדר ,QEDAR ,76,בית לחם ,11,ירושלים ,76,גוש עציון
964,392 ,קדמה ,QEDMA ,61,אשקלון ,61,אשקלון ,35,יואב
965,3557 ,קדומים ,QEDUMIM ,73,טול כרם ,47,כפר סבא ,0,
966,4024 ,קלע ,QELA ,29,גולן ,22,טבריה ,71,גולן
967,414 ,קלחים ,QELAHIM ,62,באר שבע ,62,באר שבע ,42,מרחבים
968,1167 ,קיסריה ,QESARIYYA ,32,חדרה ,32,חדרה ,15,חוף הכרמל
969,4006 ,קשת ,QESHET ,29,גולן ,22,טבריה ,71,גולן
970,1052 ,קטורה ,QETURA ,62,באר שבע ,63,אילת ,53,חבל אילות
971,334 ,קבוצת יבנה ,QEVUZAT YAVNE ,44,רחובות ,44,רחובות ,29,חבל יבנה
972,4025 ,קדמת צבי ,QIDMAT ZEVI ,29,גולן ,22,טבריה ,71,גולן
973,615 ,קדרון ,QIDRON ,44,רחובות ,44,רחובות ,28,ברנר
974,78 ,קרית ענבים ,QIRYAT ANAVIM ,11,ירושלים ,13,בית שמש ,26,מטה יהודה
975,3611 ,קרית ארבע ,QIRYAT ARBA ,77,חברון ,11,ירושלים ,0,
976,6800 ,קרית אתא ,QIRYAT ATTA ,31,חיפה ,27,קריות ,0,
977,9500 ,קרית ביאליק ,QIRYAT BIALIK ,31,חיפה ,27,קריות ,0,
978,469 ,קרית עקרון ,QIRYAT EQRON ,44,רחובות ,44,רחובות ,0,
979,2630 ,קרית גת ,QIRYAT GAT ,61,אשקלון ,61,אשקלון ,0,
980,1034 ,קרית מלאכי ,QIRYAT MAL'AKHI ,61,אשקלון ,61,אשקלון ,0,
981,8200 ,קרית מוצקין ,QIRYAT MOTZKIN ,31,חיפה ,27,קריות ,0,
982,3746 ,קרית נטפים ,QIRYAT NETAFIM ,73,טול כרם ,48,אריאל ,72,שומרון
983,2620 ,קרית אונו ,QIRYAT ONO ,52,רמת גן ,52,רמת גן ,0,
984,412 ,קרית שלמה ,QIRYAT SHELOMO ,41,השרון ,41,נתניה ,19,חוף השרון
985,2800 ,קרית שמונה ,QIRYAT SHEMONA ,21,צפת ,21,צפת ,0,
986,2300 ,קרית טבעון ,QIRYAT TIV'ON ,31,חיפה ,31,חיפה ,0,
987,9600 ,קרית ים ,QIRYAT YAM ,31,חיפה ,27,קריות ,0,
988,1137 ,קרית יערים ,QIRYAT YE'ARIM ,11,ירושלים ,13,בית שמש ,0,
989,2039 ,קרית יערים(מוסד) ,QIRYAT YE'ARIM(INSTI ,11,ירושלים ,13,בית שמש ,26,מטה יהודה
990,766 ,קוממיות ,QOMEMIYYUT ,61,אשקלון ,61,אשקלון ,34,שפיר
991,1179 ,קורנית ,QORANIT ,24,עכו ,20,כרמיאל ,56,משגב
992,964 ,קודייראת א-צאנע(שבט) ,QUDEIRAT AS-SANI ,62,באר שבע ,62,באר שבע ,0,
993,8700 ,רעננה ,RA'ANANA ,42,פתח תקווה ,47,כפר סבא ,0,
994,1161 ,רהט ,RAHAT ,62,באר שבע ,62,באר שבע ,0,
995,1069 ,רם-און ,RAM-ON ,23,עפולה ,23,עפולה ,8,הגלבוע
996,135 ,רמת דוד ,RAMAT DAWID ,23,עפולה ,23,עפולה ,9,עמק יזרעאל
997,8600 ,רמת גן ,RAMAT GAN ,52,רמת גן ,52,רמת גן ,0,
998,184 ,רמת הכובש ,RAMAT HAKOVESH ,42,פתח תקווה ,47,כפר סבא ,20,דרום השרון
999,2650 ,רמת השרון ,RAMAT HASHARON ,51,תל אביב ,57,הרצליה ,0,
1000,335 ,רמת השופט ,RAMAT HASHOFET ,23,עפולה ,23,עפולה ,13,מגידו
1001,4701 ,רמת מגשימים ,RAMAT MAGSHIMIM ,29,גולן ,22,טבריה ,71,גולן
1002,127 ,רמת רחל ,RAMAT RAHEL ,11,ירושלים ,11,ירושלים ,26,מטה יהודה
1003,460 ,רמת רזיאל ,RAMAT RAZI'EL ,11,ירושלים ,13,בית שמש ,26,מטה יהודה
1004,122 ,רמת ישי ,RAMAT YISHAY ,23,עפולה ,23,עפולה ,0,
1005,178 ,רמת יוחנן ,RAMAT YOHANAN ,31,חיפה ,27,קריות ,12,זבולון
1006,339 ,רמת צבי ,RAMAT ZEVI ,23,עפולה ,23,עפולה ,8,הגלבוע
1007,543 ,ראמה ,RAME ,24,עכו ,20,כרמיאל ,0,
1008,8500 ,רמלה ,RAMLA ,43,רמלה ,43,רמלה ,0,
1009,4702 ,רמות ,RAMOT ,29,גולן ,22,טבריה ,71,גולן
1010,206 ,רמות השבים ,RAMOT HASHAVIM ,42,פתח תקווה ,47,כפר סבא ,20,דרום השרון
1011,735 ,רמות מאיר ,RAMOT ME'IR ,43,רמלה ,43,רמלה ,30,גזר
1012,445 ,רמות מנשה ,RAMOT MENASHE ,23,עפולה ,23,עפולה ,13,מגידו
1013,372 ,רמות נפתלי ,RAMOT NAFTALI ,21,צפת ,21,צפת ,55,מבואות החרמון
1014,789 ,רנן ,RANNEN ,62,באר שבע ,62,באר שבע ,42,מרחבים
1015,1228 ,רקפת ,RAQEFET ,24,עכו ,20,כרמיאל ,56,משגב
1016,1334 ,ראס אל-עין ,RAS AL-EIN ,24,עכו ,20,כרמיאל ,56,משגב
1017,990 ,ראס עלי ,RAS ALI ,31,חיפה ,31,חיפה ,12,זבולון
1018,1225 ,רביד ,RAVID ,22,כנרת ,22,טבריה ,6,עמק הירדן
1019,713 ,רעים ,RE'IM ,62,באר שבע ,62,באר שבע ,38,אשכול
1020,444 ,רגבים ,REGAVIM ,32,חדרה ,32,חדרה ,14,מנשה
1021,390 ,רגבה ,REGBA ,24,עכו ,24,עכו ,4,מטה אשר
1022,3568 ,ריחן ,REHAN ,71,ג'נין ,32,חדרה ,72,שומרון
1023,3822 ,רחלים ,REHELIM ,72,שכם ,48,אריאל ,72,שומרון
1024,854 ,רחוב ,REHOV ,23,עפולה ,23,עפולה ,7,עמק המעיינות
1025,8400 ,רחובות ,REHOVOT ,44,רחובות ,44,רחובות ,0,
1026,540 ,ריחאניה ,REIHANIYYE ,21,צפת ,21,צפת ,2,מרום הגליל
1027,542 ,ריינה ,REINE ,25,נצרת ,25,נוף הגליל ,0,
1028,922 ,רכסים ,REKHASIM ,31,חיפה ,27,קריות ,0,
1029,437 ,רשפים ,RESHAFIM ,23,עפולה ,23,עפולה ,7,עמק המעיינות
1030,1260 ,רתמים ,RETAMIM ,62,באר שבע ,62,באר שבע ,48,רמת נגב
1031,564 ,רבדים ,REVADIM ,61,אשקלון ,61,אשקלון ,35,יואב
1032,3795 ,רבבה ,REVAVA ,72,שכם ,48,אריאל ,72,שומרון
1033,354 ,רביבים ,REVIVIM ,62,באר שבע ,62,באר שבע ,48,רמת נגב
1034,2051 ,רווחה ,REWAHA ,61,אשקלון ,61,אשקלון ,34,שפיר
1035,2016 ,רוויה ,REWAYA ,23,עפולה ,23,עפולה ,7,עמק המעיינות
1036,3565 ,רימונים ,RIMMONIM ,74,ראמאללה ,11,ירושלים ,73,מטה בנימין
1037,616 ,רינתיה ,RINNATYA ,42,פתח תקווה ,42,פתח תקוה ,25,חבל מודיעין
1038,8300 ,ראשון לציון ,RISHON LEZIYYON ,44,רחובות ,46,ראשון לציון ,0,
1039,247 ,רשפון ,RISHPON ,41,השרון ,41,נתניה ,19,חוף השרון
1040,3619 ,רועי ,RO'I ,75,ירדן )יריחו( ,23,עפולה ,75,ערבות הירדן
1041,2640 ,ראש העין ,ROSH HAAYIN ,42,פתח תקווה ,349,ראש העין ,0,
1042,26 ,ראש פינה ,ROSH PINNA ,21,צפת ,21,צפת ,0,
1043,3602 ,ראש צורים ,ROSH ZURIM ,76,בית לחם ,11,ירושלים ,76,גוש עציון
1044,3782 ,רותם ,ROTEM ,75,ירדן )יריחו( ,11,ירושלים ,75,ערבות הירדן
1045,1341 ,רוח מדבר ,RUAH MIDBAR ,62,באר שבע ,62,באר שבע ,48,רמת נגב
1046,362 ,רוחמה ,RUHAMA ,61,אשקלון ,61,אשקלון ,37,שער הנגב
1047,997 ,רומת הייב ,RUMAT HEIB ,25,נצרת ,25,נוף הגליל ,65,אל-בטוף
1048,539 ,רומאנה ,RUMMANE ,25,נצרת ,25,נוף הגליל ,65,אל-בטוף
1049,419 ,סעד ,SA'AD ,62,באר שבע ,62,באר שבע ,39,שדות נגב
1050,454 ,סער ,SA'AR ,24,עכו ,24,עכו ,4,מטה אשר
1051,1360 ,סעוה ,SA'WA ,62,באר שבע ,62,באר שבע ,69,אל קסום
1052,3711 ,שא-נור ,SA-NUR ,71,ג'נין ,32,חדרה ,72,שומרון
1053,525 ,סאג'ור ,SAJUR ,24,עכו ,20,כרמיאל ,0,
1054,7500 ,סח'נין ,SAKHNIN ,24,עכו ,24,עכו ,0,
1055,3567 ,סלעית ,SAL'IT ,73,טול כרם ,42,פתח תקוה ,72,שומרון
1056,1245 ,סלמה ,SALLAMA ,24,עכו ,20,כרמיאל ,56,משגב
1057,1156 ,סמר ,SAMAR ,62,באר שבע ,63,אילת ,53,חבל אילות
1058,636 ,צנדלה ,SANDALA ,23,עפולה ,23,עפולה ,8,הגלבוע
1059,1176 ,ספיר ,SAPPIR ,62,באר שבע ,63,אילת ,54,הערבה התיכונה
1060,126 ,שריד ,SARID ,23,עפולה ,23,עפולה ,9,עמק יזרעאל
1061,578 ,סאסא ,SASA ,21,צפת ,21,צפת ,1,הגליל העליון
1062,587 ,סביון ,SAVYON ,42,פתח תקווה ,42,פתח תקוה ,0,
1063,942 ,סואעד (חמירה) ,SAWA'ID (HUMAYRA) ,24,עכו ,24,עכו ,9,עמק יזרעאל
1064,989 ,סואעד (כמאנה) (שבט) ,SAWA'ID (KAMANE) ,24,עכו ,20,כרמיאל ,0,
1065,1170 ,סייד (שבט) ,SAYYID ,62,באר שבע ,62,באר שבע ,0,
1066,1223 ,שדי אברהם ,SEDE AVRAHAM ,62,באר שבע ,62,באר שבע ,38,אשכול
1067,885 ,שדה בוקר ,SEDE BOQER ,62,באר שבע ,62,באר שבע ,48,רמת נגב
1068,36 ,שדה דוד ,SEDE DAWID ,61,אשקלון ,61,אשקלון ,50,לכיש
1069,861 ,שדה אליעזר ,SEDE ELI'EZER ,21,צפת ,21,צפת ,55,מבואות החרמון
1070,304 ,שדה אליהו ,SEDE ELIYYAHU ,23,עפולה ,23,עפולה ,7,עמק המעיינות
1071,2015 ,שדי חמד ,SEDE HEMED ,42,פתח תקווה ,47,כפר סבא ,20,דרום השרון
1072,721 ,שדה אילן ,SEDE ILAN ,22,כנרת ,22,טבריה ,3,הגליל התחתון
1073,18 ,שדה משה ,SEDE MOSHE ,61,אשקלון ,61,אשקלון ,50,לכיש
1074,259 ,שדה נחום ,SEDE NAHUM ,23,עפולה ,23,עפולה ,7,עמק המעיינות
1075,329 ,שדה נחמיה ,SEDE NEHEMYA ,21,צפת ,21,צפת ,1,הגליל העליון
1076,1058 ,שדה ניצן ,SEDE NIZZAN ,62,באר שבע ,62,באר שבע ,38,אשכול
1077,2057 ,שדי תרומות ,SEDE TERUMOT ,23,עפולה ,23,עפולה ,7,עמק המעיינות
1078,739 ,שדה עוזיהו ,SEDE UZZIYYAHU ,61,אשקלון ,61,אשקלון ,33,באר טוביה
1079,284 ,שדה ורבורג ,SEDE WARBURG ,42,פתח תקווה ,47,כפר סבא ,20,דרום השרון
1080,142 ,שדה יעקב ,SEDE YA'AQOV ,23,עפולה ,23,עפולה ,9,עמק יזרעאל
1081,2008 ,שדה יצחק ,SEDE YIZHAQ ,32,חדרה ,32,חדרה ,14,מנשה
1082,293 ,שדה יואב ,SEDE YO'AV ,61,אשקלון ,61,אשקלון ,35,יואב
1083,2049 ,שדה צבי ,SEDE ZEVI ,62,באר שבע ,62,באר שבע ,42,מרחבים
1084,1031 ,שדרות ,SEDEROT ,61,אשקלון ,61,אשקלון ,0,
1085,27 ,שדות מיכה ,SEDOT MIKHA ,11,ירושלים ,13,בית שמש ,26,מטה יהודה
1086,327 ,שדות ים ,SEDOT YAM ,32,חדרה ,32,חדרה ,15,חוף הכרמל
1087,1286 ,שגב-שלום ,SEGEV-SHALOM ,62,באר שבע ,62,באר שבע ,0,
1088,2046 ,סגולה ,SEGULA ,61,אשקלון ,61,אשקלון ,35,יואב
1089,1132 ,שניר ,SENIR ,21,צפת ,21,צפת ,1,הגליל העליון
1090,538 ,שעב ,SHA'AB ,24,עכו ,24,עכו ,0,
1091,4009 ,שעל ,SHA'AL ,29,גולן ,22,טבריה ,71,גולן
1092,856 ,שעלבים ,SHA'ALVIM ,43,רמלה ,43,רמלה ,30,גזר
1093,661 ,שער אפרים ,SHA'AR EFRAYIM ,41,השרון ,41,נתניה ,18,לב השרון
1094,237 ,שער העמקים ,SHA'AR HAAMAQIM ,31,חיפה ,31,חיפה ,12,זבולון
1095,264 ,שער הגולן ,SHA'AR HAGOLAN ,22,כנרת ,22,טבריה ,6,עמק הירדן
1096,921 ,שער מנשה ,SHA'AR MENASHE ,32,חדרה ,32,חדרה ,14,מנשה
1097,3826 ,שער שומרון ,SHA'AR SHOMRON ,73,טול כרם ,349,ראש העין ,0,
1098,306 ,שדמות דבורה ,SHADMOT DEVORA ,22,כנרת ,22,טבריה ,3,הגליל התחתון
1099,3578 ,שדמות מחולה ,SHADMOT MEHOLA ,75,ירדן )יריחו( ,23,עפולה ,75,ערבות הירדן
1100,692 ,שפיר ,SHAFIR ,61,אשקלון ,61,אשקלון ,34,שפיר
1101,7 ,שחר ,SHAHAR ,61,אשקלון ,61,אשקלון ,50,לכיש
1102,3868 ,שחרית ,SHAHARIT ,73,טול כרם ,48,אריאל ,72,שומרון
1103,1266 ,שחרות ,SHAHARUT ,62,באר שבע ,63,אילת ,53,חבל אילות
1104,1373 ,שלווה במדבר ,SHALVA BAMIDBAR ,62,באר שבע ,62,באר שבע ,48,רמת נגב
1105,873 ,שלווה ,SHALWA ,61,אשקלון ,61,אשקלון ,34,שפיר
1106,432 ,שמרת ,SHAMERAT ,24,עכו ,24,עכו ,4,מטה אשר
1107,366 ,שמיר ,SHAMIR ,21,צפת ,21,צפת ,1,הגליל העליון
1108,1287 ,שני ,SHANI ,62,באר שבע ,62,באר שבע ,78,הר חברון
1109,3649 ,שקד ,SHAQED ,71,ג'נין ,32,חדרה ,72,שומרון
1110,292 ,שרונה ,SHARONA ,22,כנרת ,22,טבריה ,3,הגליל התחתון
1111,398 ,שרשרת ,SHARSHERET ,62,באר שבע ,62,באר שבע ,39,שדות נגב
1112,1377 ,שבי דרום ,SHAVE DAROM ,62,באר שבע ,62,באר שבע ,42,מרחבים
1113,3571 ,שבי שומרון ,SHAVE SHOMERON ,72,שכם ,41,נתניה ,72,שומרון
1114,282 ,שבי ציון ,SHAVE ZIYYON ,24,עכו ,24,עכו ,4,מטה אשר
1115,324 ,שאר ישוב ,SHE'AR YASHUV ,21,צפת ,21,צפת ,55,מבואות החרמון
1116,555 ,שדמה ,SHEDEMA ,44,רחובות ,44,רחובות ,32,גדרות
1117,8800 ,שפרעם ,SHEFAR'AM ,24,עכו ,25,נוף הגליל ,0,
1118,232 ,שפיים ,SHEFAYIM ,41,השרון ,41,נתניה ,19,חוף השרון
1119,846 ,שפר ,SHEFER ,21,צפת ,21,צפת ,2,מרום הגליל
1120,658 ,שייח' דנון ,SHEIKH DANNUN ,24,עכו ,24,עכו ,4,מטה אשר
1121,1160 ,שכניה ,SHEKHANYA ,24,עכו ,20,כרמיאל ,56,משגב
1122,812 ,שלומי ,SHELOMI ,24,עכו ,24,עכו ,0,
1123,439 ,שלוחות ,SHELUHOT ,23,עפולה ,23,עפולה ,7,עמק המעיינות
1124,1233 ,שקף ,SHEQEF ,61,אשקלון ,61,אשקלון ,50,לכיש
1125,1045 ,שתולה ,SHETULA ,24,עכו ,24,עכו ,52,מעלה יוסף
1126,763 ,שתולים ,SHETULIM ,61,אשקלון ,61,אשקלון ,33,באר טוביה
1127,1378 ,שיזף ,SHEZAF ,62,באר שבע ,62,באר שבע ,48,רמת נגב
1128,527 ,שזור ,SHEZOR ,24,עכו ,21,צפת ,2,מרום הגליל
1129,865 ,שיבולים ,SHIBBOLIM ,62,באר שבע ,62,באר שבע ,39,שדות נגב
1130,913 ,שבלי - אום אל-גנם ,SHIBLI ,23,עפולה ,23,עפולה ,0,
1131,1165 ,שילת ,SHILAT ,43,רמלה ,43,רמלה ,25,חבל מודיעין
1132,3641 ,שילה ,SHILO ,74,ראמאללה ,11,ירושלים ,73,מטה בנימין
1133,3784 ,שמעה ,SHIM'A ,77,חברון ,11,ירושלים ,78,הר חברון
1134,1337 ,שמשית ,SHIMSHIT ,23,עפולה ,23,עפולה ,9,עמק יזרעאל
1135,1197 ,נאות סמדר ,SHIZZAFON ,62,באר שבע ,63,אילת ,53,חבל אילות
1136,1364 ,שלומית ,SHLOMIT ,62,באר שבע ,62,באר שבע ,38,אשכול
1137,741 ,שואבה ,SHO'EVA ,11,ירושלים ,13,בית שמש ,26,מטה יהודה
1138,1304 ,שוהם ,SHOHAM ,43,רמלה ,43,רמלה ,0,
1139,614 ,שומרה ,SHOMERA ,24,עכו ,24,עכו ,52,מעלה יוסף
1140,1265 ,שומריה ,SHOMERIYYA ,62,באר שבע ,62,באר שבע ,41,בני שמעון
1141,415 ,שוקדה ,SHOQEDA ,62,באר שבע ,62,באר שבע ,39,שדות נגב
1142,1235 ,שורשים ,SHORASHIM ,24,עכו ,20,כרמיאל ,56,משגב
1143,456 ,שורש ,SHORESH ,11,ירושלים ,13,בית שמש ,26,מטה יהודה
1144,224 ,שושנת העמקים ,SHOSHANNAT HAAMAQIM ,41,השרון ,41,נתניה ,16,עמק חפר
1145,1102 ,צוקי ים ,SHOSHANNAT HAAMAQIM( ,41,השרון ,41,נתניה ,16,עמק חפר
1146,394 ,שובל ,SHOVAL ,62,באר שבע ,62,באר שבע ,41,בני שמעון
1147,761 ,שובה ,SHUVA ,62,באר שבע ,62,באר שבע ,39,שדות נגב
1148,3872 ,שבות רחל ,SHVUT RAHEL ,74,ראמאללה ,11,ירושלים ,73,מטה בנימין
1149,610 ,סתריה ,SITRIYYA ,43,רמלה ,43,רמלה ,30,גזר
1150,1238 ,סופה ,SUFA ,62,באר שבע ,62,באר שבע ,38,אשכול
1151,526 ,סולם ,SULAM ,23,עפולה ,23,עפולה ,66,בוסתאן אל-מרג'
1152,3756 ,סוסיה ,SUSEYA ,77,חברון ,11,ירושלים ,78,הר חברון
1153,752 ,תעוז ,TA'OZ ,11,ירושלים ,13,בית שמש ,26,מטה יהודה
1154,3873 ,טל מנשה ,TAL MENASHE ,71,ג'נין ,32,חדרה ,72,שומרון
1155,462 ,טל שחר ,TAL SHAHAR ,11,ירושלים ,13,בית שמש ,26,מטה יהודה
1156,1181 ,טל-אל ,TAL-EL ,24,עכו ,20,כרמיאל ,56,משגב
1157,2050 ,תלמי בילו ,TALME BILU ,62,באר שבע ,62,באר שבע ,42,מרחבים
1158,2003 ,תלמי אלעזר ,TALME EL'AZAR ,32,חדרה ,32,חדרה ,14,מנשה
1159,1051 ,תלמי אליהו ,TALME ELIYYAHU ,62,באר שבע ,62,באר שבע ,38,אשכול
1160,744 ,תלמי יפה ,TALME YAFE ,61,אשקלון ,61,אשקלון ,36,חוף אשקלון
1161,727 ,תלמי יחיאל ,TALME YEHI'EL ,61,אשקלון ,61,אשקלון ,33,באר טוביה
1162,1237 ,תלמי יוסף ,TALME YOSEF ,62,באר שבע ,62,באר שבע ,38,אשכול
1163,3788 ,טלמון ,TALMON ,74,ראמאללה ,11,ירושלים ,73,מטה בנימין
1164,8900 ,טמרה ,TAMRA ,24,עכו ,24,עכו ,0,
1165,547 ,טמרה (יזרעאל) ,TAMRA (YIZRE'EL) ,23,עפולה ,23,עפולה ,8,הגלבוע
1166,970 ,תראבין א-צאנע (שבט) ,TARABIN AS-SANI ,62,באר שבע ,62,באר שבע ,0,
1167,1346 ,תראבין א-צאנע(ישוב) ,TARABIN AS-SANI ,62,באר שבע ,62,באר שבע ,69,אל קסום
1168,778 ,תרום ,TARUM ,11,ירושלים ,13,בית שמש ,26,מטה יהודה
1169,2730 ,טייבה ,TAYIBE ,41,השרון ,41,נתניה ,0,
1170,497 ,טייבה (בעמק) ,TAYIBE(BAEMEQ) ,23,עפולה ,23,עפולה ,8,הגלבוע
1171,2062 ,תאשור ,TE'ASHUR ,62,באר שבע ,62,באר שבע ,41,בני שמעון
1172,1214 ,טפחות ,TEFAHOT ,22,כנרת ,22,טבריה ,2,מרום הגליל
1173,103 ,תל עדשים ,TEL ADASHIM ,23,עפולה ,23,עפולה ,9,עמק יזרעאל
1174,5000 ,תל אביב - יפו ,TEL AVIV - YAFO ,51,תל אביב ,51,תא - מרכז ,0,
1175,154 ,תל מונד ,TEL MOND ,41,השרון ,41,נתניה ,0,
1176,719 ,תל קציר ,TEL QAZIR ,22,כנרת ,22,טבריה ,6,עמק הירדן
1177,1054 ,תל שבע ,TEL SHEVA ,62,באר שבע ,62,באר שבע ,0,
1178,1283 ,תל תאומים ,TEL TE'OMIM ,23,עפולה ,23,עפולה ,7,עמק המעיינות
1179,3815 ,תל ציון ,TEL TSIYON ,74,ראמאללה ,11,ירושלים ,73,מטה בנימין
1180,287 ,תל יצחק ,TEL YIZHAQ ,41,השרון ,41,נתניה ,19,חוף השרון
1181,84 ,תל יוסף ,TEL YOSEF ,23,עפולה ,23,עפולה ,8,הגלבוע
1182,1177 ,טללים ,TELALIM ,62,באר שבע ,62,באר שבע ,48,רמת נגב
1183,814 ,תלמים ,TELAMIM ,61,אשקלון ,61,אשקלון ,50,לכיש
1184,3719 ,תלם ,TELEM ,77,חברון ,11,ירושלים ,78,הר חברון
1185,3743 ,טנא ,TENE ,77,חברון ,62,באר שבע ,78,הר חברון
1186,2002 ,תנובות ,TENUVOT ,41,השרון ,41,נתניה ,18,לב השרון
1187,3563 ,תקוע ,TEQOA ,76,בית לחם ,11,ירושלים ,76,גוש עציון
1188,665 ,תקומה ,TEQUMA ,62,באר שבע ,62,באר שבע ,39,שדות נגב
1189,6700 ,טבריה ,TIBERIAS ,22,כנרת ,22,טבריה ,0,
1190,2061 ,תדהר ,TIDHAR ,62,באר שבע ,62,באר שבע ,41,בני שמעון
1191,709 ,תפרח ,TIFRAH ,62,באר שבע ,62,באר שבע ,42,מרחבים
1192,163 ,תימורים ,TIMMORIM ,61,אשקלון ,61,אשקלון ,33,באר טוביה
1193,1244 ,תמרת ,TIMRAT ,23,עפולה ,23,עפולה ,9,עמק יזרעאל
1194,2100 ,טירת כרמל ,TIRAT KARMEL ,31,חיפה ,31,חיפה ,0,
1195,663 ,טירת יהודה ,TIRAT YEHUDA ,42,פתח תקווה ,42,פתח תקוה ,25,חבל מודיעין
1196,268 ,טירת צבי ,TIRAT ZEVI ,23,עפולה ,23,עפולה ,7,עמק המעיינות
1197,2720 ,טירה ,TIRE ,41,השרון ,41,נתניה ,0,
1198,10 ,תירוש ,TIROSH ,11,ירושלים ,13,בית שמש ,26,מטה יהודה
1199,3878 ,תמרה ,TMARA ,75,ירדן )יריחו( ,11,ירושלים ,75,ערבות הירדן
1200,3558 ,תומר ,TOMER ,75,ירדן )יריחו( ,23,עפולה ,75,ערבות הירדן
1201,962 ,טובא-זנגריה ,TUBA-ZANGARIYYE ,21,צפת ,21,צפת ,0,
1202,498 ,טורעאן ,TUR'AN ,25,נצרת ,25,נוף הגליל ,0,
1203,1083 ,תושיה ,TUSHIYYA ,62,באר שבע ,62,באר שבע ,39,שדות נגב
1204,1172 ,תובל ,TUVAL ,24,עכו ,20,כרמיאל ,56,משגב
1205,446 ,אודים ,UDIM ,41,השרון ,41,נתניה ,19,חוף השרון
1206,2710 ,אום אל-פחם ,UMM AL-FAHM ,32,חדרה ,23,עפולה ,0,
1207,2024 ,אום אל-קוטוף ,UMM AL-QUTUF ,32,חדרה ,32,חדרה ,14,מנשה
1208,1358 ,אום בטין ,UMM BATIN ,62,באר שבע ,62,באר שבע ,69,אל קסום
1209,957 ,עוקבי (בנו עוקבה) ,UQBI (BANU UQBA) ,62,באר שבע ,62,באר שבע ,0,
1210,403 ,אורים ,URIM ,62,באר שבע ,62,באר שבע ,38,אשכול
1211,278 ,אושה ,USHA ,31,חיפה ,27,קריות ,12,זבולון
1212,826 ,עוזה ,UZA ,61,אשקלון ,61,אשקלון ,34,שפיר
1213,528 ,עוזייר ,UZEIR ,25,נצרת ,25,נוף הגליל ,65,אל-בטוף
1214,1133 ,ורדון ,WARDON ,61,אשקלון ,61,אשקלון ,35,יואב
1215,3639 ,ורד יריחו ,WERED YERIHO ,75,ירדן )יריחו( ,11,ירושלים ,74,מגילות ים המלח
1216,1138 ,יעד ,YA'AD ,24,עכו ,20,כרמיאל ,56,משגב
1217,795 ,יערה ,YA'ARA ,24,עכו ,24,עכו ,52,מעלה יוסף
1218,1117 ,יעל ,YA'EL ,23,עפולה ,23,עפולה ,8,הגלבוע
1219,577 ,יד בנימין ,YAD BINYAMIN ,44,רחובות ,44,רחובות ,31,נחל שורק
1220,758 ,יד חנה ,YAD HANNA ,41,השרון ,41,נתניה ,16,עמק חפר
1221,1134 ,יד השמונה ,YAD HASHEMONA ,11,ירושלים ,11,ירושלים ,26,מטה יהודה
1222,358 ,יד מרדכי ,YAD MORDEKHAY ,61,אשקלון ,61,אשקלון ,36,חוף אשקלון
1223,775 ,יד נתן ,YAD NATAN ,61,אשקלון ,61,אשקלון ,50,לכיש
1224,64 ,יד רמבם ,YAD RAMBAM ,43,רמלה ,43,רמלה ,30,גזר
1225,499 ,יפיע ,YAFI ,25,נצרת ,25,נוף הגליל ,0,
1226,3566 ,יפית ,YAFIT ,75,ירדן )יריחו( ,23,עפולה ,75,ערבות הירדן
1227,798 ,יגל ,YAGEL ,43,רמלה ,43,רמלה ,40,שדות דן
1228,96 ,יגור ,YAGUR ,31,חיפה ,31,חיפה ,12,זבולון
1229,1158 ,יהל ,YAHEL ,62,באר שבע ,63,אילת ,53,חבל אילות
1230,811 ,יכיני ,YAKHINI ,61,אשקלון ,61,אשקלון ,37,שער הנגב
1231,1295 ,יאנוח-ג'ת ,YANUH-JAT ,24,עכו ,24,עכו ,0,
1232,753 ,ינוב ,YANUV ,41,השרון ,41,נתניה ,18,לב השרון
1233,3647 ,יקיר ,YAQIR ,73,טול כרם ,48,אריאל ,72,שומרון
1234,417 ,יקום ,YAQUM ,41,השרון ,41,נתניה ,19,חוף השרון
1235,2026 ,ירדנה ,YARDENA ,23,עפולה ,23,עפולה ,7,עמק המעיינות
1236,718 ,ירחיב ,YARHIV ,42,פתח תקווה ,47,כפר סבא ,20,דרום השרון
1237,183 ,ירקונה ,YARQONA ,42,פתח תקווה ,47,כפר סבא ,20,דרום השרון
1238,575 ,יסעור ,YAS'UR ,24,עכו ,24,עכו ,4,מטה אשר
1239,828 ,ישרש ,YASHRESH ,43,רמלה ,43,רמלה ,30,גזר
1240,1227 ,יתד ,YATED ,62,באר שבע ,62,באר שבע ,38,אשכול
1241,2660 ,יבנה ,YAVNE ,44,רחובות ,44,רחובות ,0,
1242,46 ,יבנאל ,YAVNE'EL ,22,כנרת ,22,טבריה ,0,
1243,759 ,יציץ ,YAZIZ ,43,רמלה ,43,רמלה ,30,גזר
1244,1044 ,יעף ,YE'AF ,41,השרון ,41,נתניה ,18,לב השרון
1245,1144 ,ידידה ,YEDIDA ,11,ירושלים ,11,ירושלים ,26,מטה יהודה
1246,233 ,כפר ידידיה ,YEDIDYA ,41,השרון ,41,נתניה ,16,עמק חפר
1247,409 ,יחיעם ,YEHI'AM ,24,עכו ,24,עכו ,4,מטה אשר
1248,9400 ,יהוד-מונוסון ,YEHUD-MONOSON ,42,פתח תקווה ,42,פתח תקוה ,0,
1249,831 ,ירוחם ,YEROHAM ,62,באר שבע ,62,באר שבע ,0,
1250,916 ,ישע ,YESHA ,62,באר שבע ,62,באר שבע ,38,אשכול
1251,440 ,יסודות ,YESODOT ,44,רחובות ,44,רחובות ,31,נחל שורק
1252,29 ,יסוד המעלה ,YESUD HAMA'ALA ,21,צפת ,21,צפת ,0,
1253,1232 ,יבול ,YEVUL ,62,באר שבע ,62,באר שבע ,38,אשכול
1254,134 ,יפעת ,YIF'AT ,23,עפולה ,23,עפולה ,9,עמק יזרעאל
1255,453 ,יפתח ,YIFTAH ,21,צפת ,21,צפת ,1,הגליל העליון
1256,2011 ,ינון ,YINNON ,61,אשקלון ,61,אשקלון ,33,באר טוביה
1257,623 ,יראון ,YIR'ON ,21,צפת ,21,צפת ,1,הגליל העליון
1258,502 ,ירכא ,YIRKA ,24,עכו ,24,עכו ,0,
1259,805 ,ישעי ,YISH'I ,11,ירושלים ,13,בית שמש ,26,מטה יהודה
1260,3607 ,ייטב ,YITAV ,75,ירדן )יריחו( ,23,עפולה ,75,ערבות הירדן
1261,3749 ,יצהר ,YIZHAR ,72,שכם ,48,אריאל ,72,שומרון
1262,452 ,יזרעאל ,YIZRE'EL ,23,עפולה ,23,עפולה ,8,הגלבוע
1263,1112 ,יודפת ,YODEFAT ,24,עכו ,20,כרמיאל ,56,משגב
1264,3896 ,יונדב ,YONADAV ,77,חברון ,11,ירושלים ,78,הר חברון
1265,4007 ,יונתן ,YONATAN ,29,גולן ,22,טבריה ,71,גולן
1266,240 ,יקנעם עילית ,YOQNE'AM ILLIT ,23,עפולה ,23,עפולה ,0,
1267,241 ,יקנעם (מושבה) ,YOQNE'AM(MOSHAVA) ,23,עפולה ,23,עפולה ,13,מגידו
1268,803 ,יושיביה ,YOSHIVYA ,62,באר שבע ,62,באר שבע ,39,שדות נגב
1269,866 ,יטבתה ,YOTVATA ,62,באר שבע ,63,אילת ,53,חבל אילות
1270,2009 ,יובל ,YUVAL ,21,צפת ,21,צפת ,55,מבואות החרמון
1271,1226 ,יובלים ,YUVALIM ,24,עכו ,20,כרמיאל ,56,משגב
1272,2742 ,זבארגה (שבט) ,ZABARGA ,62,באר שבע ,62,באר שבע ,0,
1273,1079 ,צפרירים ,ZAFRIRIM ,11,ירושלים ,13,בית שמש ,26,מטה יהודה
1274,594 ,צפריה ,ZAFRIYYA ,43,רמלה ,43,רמלה ,40,שדות דן
1275,816 ,זנוח ,ZANOAH ,11,ירושלים ,13,בית שמש ,26,מטה יהודה
1276,975 ,זרזיר ,ZARZIR ,23,עפולה ,23,עפולה ,0,
1277,815 ,זבדיאל ,ZAVDI'EL ,61,אשקלון ,61,אשקלון ,34,שפיר
1278,413 ,צאלים ,ZE'ELIM ,62,באר שבע ,62,באר שבע ,38,אשכול
1279,8000 ,צפת ,ZEFAT ,21,צפת ,21,צפת ,0,
1280,799 ,זכריה ,ZEKHARYA ,11,ירושלים ,13,בית שמש ,26,מטה יהודה
1281,796 ,צלפון ,ZELAFON ,11,ירושלים ,13,בית שמש ,26,מטה יהודה
1282,1290 ,זמר ,ZEMER ,41,השרון ,41,נתניה ,0,
1283,818 ,זרחיה ,ZERAHYA ,61,אשקלון ,61,אשקלון ,34,שפיר
1284,2064 ,זרועה ,ZERU'A ,62,באר שבע ,62,באר שבע ,39,שדות נגב
1285,612 ,צרופה ,ZERUFA ,32,חדרה ,32,חדרה ,15,חוף הכרמל
1286,788 ,זיתן ,ZETAN ,43,רמלה ,43,רמלה ,40,שדות דן
1287,9300 ,זכרון יעקב ,ZIKHRON YA'AQOV ,32,חדרה ,32,חדרה ,0,
1288,1065 ,זמרת ,ZIMRAT ,62,באר שבע ,62,באר שבע ,39,שדות נגב
1289,613 ,ציפורי ,ZIPPORI ,23,עפולה ,23,עפולה ,9,עמק יזרעאל
1290,584 ,זיקים ,ZIQIM ,61,אשקלון ,61,אשקלון ,36,חוף אשקלון
1291,1213 ,צבעון ,ZIV'ON ,21,צפת ,21,צפת ,1,הגליל העליון
1292,1150 ,צופר ,ZOFAR ,62,באר שבע ,63,אילת ,54,הערבה התיכונה
1293,198 ,צופית ,ZOFIT ,42,פתח תקווה ,47,כפר סבא ,20,דרום השרון
1294,1111 ,צופיה ,ZOFIYYA ,44,רחובות ,44,רחובות ,29,חבל יבנה
1295,1136 ,צוחר ,ZOHAR ,62,באר שבע ,62,באר שבע ,38,אשכול
1296,44 ,זוהר ,ZOHAR ,61,אשקלון ,61,אשקלון ,50,לכיש
1297,567 ,צרעה ,ZOR'A ,11,ירושלים ,13,בית שמש ,26,מטה יהודה
1298,465 ,צובה ,ZOVA ,11,ירושלים ,13,בית שמש ,26,מטה יהודה
1299,3791 ,צופים ,ZUFIN ,73,טול כרם ,42,פתח תקוה ,72,שומרון
1300,1113 ,צור הדסה ,ZUR HADASSA ,11,ירושלים ,13,בית שמש ,0,
1301,276 ,צור משה ,ZUR MOSHE ,41,השרון ,41,נתניה ,18,לב השרון
1302,1148 ,צור נתן ,ZUR NATAN ,42,פתח תקווה ,47,כפר סבא ,20,דרום השרון
1303,1345 ,צור יצחק ,ZUR YIZHAQ ,42,פתח תקווה ,47,כפר סבא ,20,דרום השרון
1304,774 ,צוריאל ,ZURI'EL ,24,עכו ,24,עכו ,52,מעלה יוסף
1305,1221 ,צורית ,ZURIT ,24,עכו ,20,כרמיאל ,56,משגב
1306,1180 ,צביה ,ZVIYYA ,24,עכו ,20,כרמיאל ,56,משגב
